日付,タイトル,URL,スキップ理由
2026-02-25,公开市场业务交易公告 [2026]第35号,https://www.pbc.gov.cn/zhengcehuobisi/125207/125213/125431/125475/2026022511443152713/index.html,逆回购なし
2025-12-22,公开市场业务交易公告 [2025]第248号,https://www.pbc.gov.cn/zhengcehuobisi/125207/125213/125431/125475/2025122209140837398/index.html,逆回购なし
2025-11-24,公开市场业务交易公告 [2025]第227号,https://www.pbc.gov.cn/zhengcehuobisi/125207/125213/125431/125475/5908984/index.html,逆回购なし
2025-09-22,公开市场业务交易公告 [2025]第185号,https://www.pbc.gov.cn/zhengcehuobisi/125207/125213/125431/125475/2025100917205190850/index.html,逆回购なし
2025-08-25,公开市场业务交易公告 [2025]第164号,https://www.pbc.gov.cn/zhengcehuobisi/125207/125213/125431/125475/5817008/index.html,逆回购なし
2025-06-18,公开市场业务交易公告 [2025]第115号,https://www.pbc.gov.cn/zhengcehuobisi/125207/125213/125431/125475/5747284/index.html,逆回购なし
2025-02-14,公开市场业务交易公告 [2025]第30号,https://www.pbc.gov.cn/zhengcehuobisi/125207/125213/125431/125475/5588523/index.html,逆回购なし
2025-01-15,公开市场业务交易公告 [2025]第11号,https://www.pbc.gov.cn/zhengcehuobisi/125207/125213/125431/125475/5567261/index.html,逆回购なし
2024-12-18,公开市场业务交易公告 [2024]第251号,https://www.pbc.gov.cn/zhengcehuobisi/125207/125213/125431/125475/5537797/index.html,逆回购なし
2024-11-20,公开市场业务交易公告 [2024]第230号,https://www.pbc.gov.cn/zhengcehuobisi/125207/125213/125431/125475/5511848/index.html,逆回购なし
2024-09-25,公开市场业务交易公告 [2024]第192号,https://www.pbc.gov.cn/zhengcehuobisi/125207/125213/125431/125475/5467539/index.html,逆回购なし
2024-08-29,公开市场业务交易公告 [2024]第173号,https://www.pbc.gov.cn/zhengcehuobisi/125207/125213/125431/125475/5444387/index.html,逆回购なし
2024-08-21,公开市场业务交易公告 [2024]第166号,https://www.pbc.gov.cn/zhengcehuobisi/125207/125213/125431/125475/5436378/index.html,逆回购なし
2024-08-07,公开市场业务交易公告 [2024]第155号,https://www.pbc.gov.cn/zhengcehuobisi/125207/125213/125431/125475/5425164/index.html,テーブル解析失敗
2024-06-19,公开市场业务交易公告 [2024]第120号,https://www.pbc.gov.cn/zhengcehuobisi/125207/125213/125431/125475/5379475/index.html,逆回购なし
2024-05-22,公开市场业务交易公告 [2024]第100号,https://www.pbc.gov.cn/zhengcehuobisi/125207/125213/125431/125475/5359550/index.html,逆回购なし
2024-03-19,公开市场业务交易公告 [2024]第55号,https://www.pbc.gov.cn/zhengcehuobisi/125207/125213/125431/125475/5281348/index.html,逆回购なし
2024-02-20,公开市场业务交易公告 [2024]第34号,https://www.pbc.gov.cn/zhengcehuobisi/125207/125213/125431/125475/5243873/index.html,逆回购なし
2023-12-20,公开市场业务交易公告 [2023]第250号,https://www.pbc.gov.cn/zhengcehuobisi/125207/125213/125431/125475/5176435/index.html,逆回购なし
2023-11-21,公开市场业务交易公告 [2023]第228号,https://www.pbc.gov.cn/zhengcehuobisi/125207/125213/125431/125475/5141957/index.html,逆回购なし
2023-09-19,公开市场业务交易公告 [2023]第186号,https://www.pbc.gov.cn/zhengcehuobisi/125207/125213/125431/125475/5072514/index.html,逆回购なし
2023-08-22,公开市场业务交易公告 [2023]第165号,https://www.pbc.gov.cn/zhengcehuobisi/125207/125213/125431/125475/5036142/index.html,逆回购なし
2023-06-26,公开市场业务交易公告 [2023]第123号,https://www.pbc.gov.cn/zhengcehuobisi/125207/125213/125431/125475/4969995/index.html,逆回购なし
2023-05-23,公开市场业务交易公告 [2023]第99号,https://www.pbc.gov.cn/zhengcehuobisi/125207/125213/125431/125475/4892338/index.html,逆回购なし
2023-03-21,公开市场业务交易公告 [2023]第55号,https://www.pbc.gov.cn/zhengcehuobisi/125207/125213/125431/125475/4823950/index.html,逆回购なし
2023-02-21,公开市场业务交易公告 [2023]第34号,https://www.pbc.gov.cn/zhengcehuobisi/125207/125213/125431/125475/4800424/index.html,逆回购なし
2022-12-20,公开市场业务交易公告 [2022]第250号,https://www.pbc.gov.cn/zhengcehuobisi/125207/125213/125431/125475/4741363/index.html,逆回购なし
2022-12-12,公开市场业务交易公告 [2022]第243号,https://www.pbc.gov.cn/zhengcehuobisi/125207/125213/125431/125475/4734569/index.html,逆回购なし
2022-11-21,公开市场业务交易公告 [2022]第227号,https://www.pbc.gov.cn/zhengcehuobisi/125207/125213/125431/125475/4716937/index.html,逆回购なし
2022-09-20,公开市场业务交易公告 [2022]第185号,https://www.pbc.gov.cn/zhengcehuobisi/125207/125213/125431/125475/4662526/index.html,逆回购なし
2022-08-22,公开市场业务交易公告 [2022]第164号,https://www.pbc.gov.cn/zhengcehuobisi/125207/125213/125431/125475/4637494/index.html,逆回购なし
2022-06-21,公开市场业务交易公告 [2022]第119号,https://www.pbc.gov.cn/zhengcehuobisi/125207/125213/125431/125475/4582826/index.html,逆回购なし
2022-05-23,公开市场业务交易公告 [2022]第98号,https://www.pbc.gov.cn/zhengcehuobisi/125207/125213/125431/125475/4561274/index.html,逆回购なし
2022-03-22,公开市场业务交易公告 [2022]第55号,https://www.pbc.gov.cn/zhengcehuobisi/125207/125213/125431/125475/4513362/index.html,逆回购なし
2022-02-21,公开市场业务交易公告 [2022]第33号,https://www.pbc.gov.cn/zhengcehuobisi/125207/125213/125431/125475/4475964/index.html,逆回购なし
2021-12-21,公开市场业务交易公告 [2021]第250号,https://www.pbc.gov.cn/zhengcehuobisi/125207/125213/125431/125475/4424138/index.html,逆回购なし
2021-11-19,公开市场业务交易公告 [2021]第227号,https://www.pbc.gov.cn/zhengcehuobisi/125207/125213/125431/125475/4392628/index.html,逆回购なし
2021-09-24,公开市场业务交易公告 [2021]第189号,https://www.pbc.gov.cn/zhengcehuobisi/125207/125213/125431/125475/4348288/index.html,逆回购なし
2021-08-20,公开市场业务交易公告 [2021]第164号,https://www.pbc.gov.cn/zhengcehuobisi/125207/125213/125431/125475/4321760/index.html,逆回购なし
2021-06-24,公开市场业务交易公告 [2021]第122号,https://www.pbc.gov.cn/zhengcehuobisi/125207/125213/125431/125475/4275557/index.html,逆回购なし
2021-05-21,公开市场业务交易公告 [2021]第98号,https://www.pbc.gov.cn/zhengcehuobisi/125207/125213/125431/125475/4252692/index.html,逆回购なし
2021-03-25,公开市场业务交易公告 [2021]第58号,https://www.pbc.gov.cn/zhengcehuobisi/125207/125213/125431/125475/4214048/index.html,逆回购なし
2021-02-19,公开市场业务交易公告 [2021]第32号,https://www.pbc.gov.cn/zhengcehuobisi/125207/125213/125431/125475/4193084/index.html,逆回购なし
2020-12-23,公开市场业务交易公告 [2020]第251号,https://www.pbc.gov.cn/zhengcehuobisi/125207/125213/125431/125475/4149534/index.html,逆回购なし
2020-11-12,公开市场业务交易公告 [2020]第221号,https://www.pbc.gov.cn/zhengcehuobisi/125207/125213/125431/125475/4125071/index.html,逆回购なし
2020-11-09,公开市场业务交易公告 [2020]第217号,https://www.pbc.gov.cn/zhengcehuobisi/125207/125213/125431/125475/4122329/index.html,不开展逆回购
2020-11-06,公开市场业务交易公告 [2020]第216号,https://www.pbc.gov.cn/zhengcehuobisi/125207/125213/125431/125475/4121649/index.html,不开展逆回购
2020-10-14,公开市场业务交易公告 [2020]第199号,https://www.pbc.gov.cn/zhengcehuobisi/125207/125213/125431/125475/4109340/index.html,不开展逆回购
2020-10-13,公开市场业务交易公告 [2020]第198号,https://www.pbc.gov.cn/zhengcehuobisi/125207/125213/125431/125475/4108848/index.html,不开展逆回购
2020-10-12,公开市场业务交易公告 [2020]第197号,https://www.pbc.gov.cn/zhengcehuobisi/125207/125213/125431/125475/4108193/index.html,不开展逆回购
2020-10-10,公开市场业务交易公告 [2020]第196号,https://www.pbc.gov.cn/zhengcehuobisi/125207/125213/125431/125475/4107709/index.html,不开展逆回购
2020-10-09,公开市场业务交易公告 [2020]第195号,https://www.pbc.gov.cn/zhengcehuobisi/125207/125213/125431/125475/4106924/index.html,不开展逆回购
2020-09-24,公开市场业务交易公告 [2020]第189号,https://www.pbc.gov.cn/zhengcehuobisi/125207/125213/125431/125475/4102089/index.html,逆回购なし
2020-08-13,公开市场业务交易公告 [2020]第158号,https://www.pbc.gov.cn/zhengcehuobisi/125207/125213/125431/125475/4071329/index.html,逆回购なし
2020-08-06,公开市场业务交易公告 [2020]第152号,https://www.pbc.gov.cn/zhengcehuobisi/125207/125213/125431/125475/4067922/index.html,不开展逆回购
2020-08-05,公开市场业务交易公告 [2020]第151号,https://www.pbc.gov.cn/zhengcehuobisi/125207/125213/125431/125475/4067627/index.html,不开展逆回购
2020-08-04,公开市场业务交易公告 [2020]第150号,https://www.pbc.gov.cn/zhengcehuobisi/125207/125213/125431/125475/4067075/index.html,不开展逆回购
2020-08-03,公开市场业务交易公告 [2020]第149号,https://www.pbc.gov.cn/zhengcehuobisi/125207/125213/125431/125475/4066334/index.html,不开展逆回购
2020-07-24,公开市场业务交易公告 [2020]第143号,https://www.pbc.gov.cn/zhengcehuobisi/125207/125213/125431/125475/4061563/index.html,不开展逆回购
2020-07-22,公开市场业务交易公告 [2020]第141号,https://www.pbc.gov.cn/zhengcehuobisi/125207/125213/125431/125475/4060669/index.html,不开展逆回购
2020-07-10,公开市场业务交易公告 [2020]第133号,https://www.pbc.gov.cn/zhengcehuobisi/125207/125213/125431/125475/4054100/index.html,不开展逆回购
2020-07-09,公开市场业务交易公告 [2020]第132号,https://www.pbc.gov.cn/zhengcehuobisi/125207/125213/125431/125475/4053582/index.html,不开展逆回购
2020-07-08,公开市场业务交易公告 [2020]第131号,https://www.pbc.gov.cn/zhengcehuobisi/125207/125213/125431/125475/4052493/index.html,不开展逆回购
2020-07-07,公开市场业务交易公告 [2020]第130号,https://www.pbc.gov.cn/zhengcehuobisi/125207/125213/125431/125475/4051362/index.html,不开展逆回购
2020-07-06,公开市场业务交易公告 [2020]第129号,https://www.pbc.gov.cn/zhengcehuobisi/125207/125213/125431/125475/4050390/index.html,不开展逆回购
2020-07-03,公开市场业务交易公告 [2020]第128号,https://www.pbc.gov.cn/zhengcehuobisi/125207/125213/125431/125475/4049443/index.html,不开展逆回购
2020-07-02,公开市场业务交易公告 [2020]第127号,https://www.pbc.gov.cn/zhengcehuobisi/125207/125213/125431/125475/4048786/index.html,不开展逆回购
2020-07-01,公开市场业务交易公告 [2020]第126号,https://www.pbc.gov.cn/zhengcehuobisi/125207/125213/125431/125475/4048205/index.html,不开展逆回购
2020-06-30,公开市场业务交易公告 [2020]第125号,https://www.pbc.gov.cn/zhengcehuobisi/125207/125213/125431/125475/4047010/index.html,不开展逆回购
2020-06-29,公开市场业务交易公告 [2020]第124号,https://www.pbc.gov.cn/zhengcehuobisi/125207/125213/125431/125475/4046279/index.html,不开展逆回购
2020-06-23,公开市场业务交易公告 [2020]第121号,https://www.pbc.gov.cn/zhengcehuobisi/125207/125213/125431/125475/4043994/index.html,逆回购なし
2020-06-17,公开市场业务交易公告 [2020]第116号,https://www.pbc.gov.cn/zhengcehuobisi/125207/125213/125431/125475/4041096/index.html,不开展逆回购
2020-06-16,公开市场业务交易公告 [2020]第115号,https://www.pbc.gov.cn/zhengcehuobisi/125207/125213/125431/125475/4040313/index.html,不开展逆回购
2020-06-03,公开市场业务交易公告 [2020]第106号,https://www.pbc.gov.cn/zhengcehuobisi/125207/125213/125431/125475/4033171/index.html,不开展逆回购
2020-06-02,公开市场业务交易公告 [2020]第105号,https://www.pbc.gov.cn/zhengcehuobisi/125207/125213/125431/125475/4032328/index.html,不开展逆回购
2020-06-01,公开市场业务交易公告 [2020]第104号,https://www.pbc.gov.cn/zhengcehuobisi/125207/125213/125431/125475/4031248/index.html,不开展逆回购
2020-05-25,公开市场业务交易公告 [2020]第99号,https://www.pbc.gov.cn/zhengcehuobisi/125207/125213/125431/125475/4027549/index.html,不开展逆回购
2020-05-22,公开市场业务交易公告 [2020]第98号,https://www.pbc.gov.cn/zhengcehuobisi/125207/125213/125431/125475/4026936/index.html,不开展逆回购
2020-05-21,公开市场业务交易公告 [2020]第97号,https://www.pbc.gov.cn/zhengcehuobisi/125207/125213/125431/125475/4026604/index.html,不开展逆回购
2020-05-20,公开市场业务交易公告 [2020]第96号,https://www.pbc.gov.cn/zhengcehuobisi/125207/125213/125431/125475/4026141/index.html,不开展逆回购
2020-05-19,公开市场业务交易公告 [2020]第95号,https://www.pbc.gov.cn/zhengcehuobisi/125207/125213/125431/125475/4025158/index.html,不开展逆回购
2020-05-18,公开市场业务交易公告 [2020]第94号,https://www.pbc.gov.cn/zhengcehuobisi/125207/125213/125431/125475/4024550/index.html,不开展逆回购
2020-05-15,公开市场业务交易公告 [2020]第93号,https://www.pbc.gov.cn/zhengcehuobisi/125207/125213/125431/125475/4023684/index.html,不开展逆回购
2020-05-14,公开市场业务交易公告 [2020]第92号,https://www.pbc.gov.cn/zhengcehuobisi/125207/125213/125431/125475/4023140/index.html,逆回购なし
2020-05-14,公开市场业务交易公告 [2020]第91号,https://www.pbc.gov.cn/zhengcehuobisi/125207/125213/125431/125475/4022968/index.html,不开展逆回购
2020-05-13,公开市场业务交易公告 [2020]第90号,https://www.pbc.gov.cn/zhengcehuobisi/125207/125213/125431/125475/4022530/index.html,不开展逆回购
2020-05-12,公开市场业务交易公告 [2020]第89号,https://www.pbc.gov.cn/zhengcehuobisi/125207/125213/125431/125475/4021605/index.html,不开展逆回购
2020-05-11,公开市场业务交易公告 [2020]第88号,https://www.pbc.gov.cn/zhengcehuobisi/125207/125213/125431/125475/4021028/index.html,不开展逆回购
2020-05-09,公开市场业务交易公告 [2020]第87号,https://www.pbc.gov.cn/zhengcehuobisi/125207/125213/125431/125475/4020094/index.html,不开展逆回购
2020-05-08,公开市场业务交易公告 [2020]第86号,https://www.pbc.gov.cn/zhengcehuobisi/125207/125213/125431/125475/4019605/index.html,不开展逆回购
2020-05-07,公开市场业务交易公告 [2020]第85号,https://www.pbc.gov.cn/zhengcehuobisi/125207/125213/125431/125475/4018945/index.html,不开展逆回购
2020-05-06,公开市场业务交易公告 [2020]第84号,https://www.pbc.gov.cn/zhengcehuobisi/125207/125213/125431/125475/4018113/index.html,不开展逆回购
2020-04-30,公开市场业务交易公告 [2020]第83号,https://www.pbc.gov.cn/zhengcehuobisi/125207/125213/125431/125475/4016411/index.html,不开展逆回购
2020-04-29,公开市场业务交易公告 [2020]第82号,https://www.pbc.gov.cn/zhengcehuobisi/125207/125213/125431/125475/4015685/index.html,不开展逆回购
2020-04-28,公开市场业务交易公告 [2020]第81号,https://www.pbc.gov.cn/zhengcehuobisi/125207/125213/125431/125475/4015160/index.html,不开展逆回购
2020-04-27,公开市场业务交易公告 [2020]第80号,https://www.pbc.gov.cn/zhengcehuobisi/125207/125213/125431/125475/4014648/index.html,不开展逆回购
2020-04-26,公开市场业务交易公告 [2020]第79号,https://www.pbc.gov.cn/zhengcehuobisi/125207/125213/125431/125475/4013445/index.html,不开展逆回购
2020-04-23,公开市场业务交易公告 [2020]第77号,https://www.pbc.gov.cn/zhengcehuobisi/125207/125213/125431/125475/4012506/index.html,不开展逆回购
2020-04-22,公开市场业务交易公告 [2020]第76号,https://www.pbc.gov.cn/zhengcehuobisi/125207/125213/125431/125475/4011862/index.html,不开展逆回购
2020-04-21,公开市场业务交易公告 [2020]第75号,https://www.pbc.gov.cn/zhengcehuobisi/125207/125213/125431/125475/4011013/index.html,不开展逆回购
2020-04-20,公开市场业务交易公告 [2020]第74号,https://www.pbc.gov.cn/zhengcehuobisi/125207/125213/125431/125475/4010176/index.html,不开展逆回购
2020-04-17,公开市场业务交易公告 [2020]第73号,https://www.pbc.gov.cn/zhengcehuobisi/125207/125213/125431/125475/4008761/index.html,不开展逆回购
2020-04-16,公开市场业务交易公告 [2020]第72号,https://www.pbc.gov.cn/zhengcehuobisi/125207/125213/125431/125475/4008094/index.html,不开展逆回购
2020-04-15,公开市场业务交易公告 [2020]第71号,https://www.pbc.gov.cn/zhengcehuobisi/125207/125213/125431/125475/4007464/index.html,不开展逆回购
2020-04-14,公开市场业务交易公告 [2020]第70号,https://www.pbc.gov.cn/zhengcehuobisi/125207/125213/125431/125475/4007000/index.html,不开展逆回购
2020-04-13,公开市场业务交易公告 [2020]第69号,https://www.pbc.gov.cn/zhengcehuobisi/125207/125213/125431/125475/4005994/index.html,不开展逆回购
2020-04-10,公开市场业务交易公告 [2020]第68号,https://www.pbc.gov.cn/zhengcehuobisi/125207/125213/125431/125475/4004963/index.html,不开展逆回购
2020-04-09,公开市场业务交易公告 [2020]第67号,https://www.pbc.gov.cn/zhengcehuobisi/125207/125213/125431/125475/4004473/index.html,不开展逆回购
2020-04-08,公开市场业务交易公告 [2020]第66号,https://www.pbc.gov.cn/zhengcehuobisi/125207/125213/125431/125475/4003587/index.html,不开展逆回购
2020-04-07,公开市场业务交易公告 [2020]第65号,https://www.pbc.gov.cn/zhengcehuobisi/125207/125213/125431/125475/4002993/index.html,不开展逆回购
2020-04-03,公开市场业务交易公告 [2020]第64号,https://www.pbc.gov.cn/zhengcehuobisi/125207/125213/125431/125475/4002017/index.html,不开展逆回购
2020-04-02,公开市场业务交易公告 [2020]第63号,https://www.pbc.gov.cn/zhengcehuobisi/125207/125213/125431/125475/4001631/index.html,不开展逆回购
2020-04-01,公开市场业务交易公告 [2020]第62号,https://www.pbc.gov.cn/zhengcehuobisi/125207/125213/125431/125475/4000935/index.html,不开展逆回购
2020-03-27,公开市场业务交易公告 [2020]第59号,https://www.pbc.gov.cn/zhengcehuobisi/125207/125213/125431/125475/3996157/index.html,不开展逆回购
2020-03-26,公开市场业务交易公告 [2020]第58号,https://www.pbc.gov.cn/zhengcehuobisi/125207/125213/125431/125475/3995812/index.html,逆回购なし
2020-03-26,公开市场业务交易公告 [2020]第57号,https://www.pbc.gov.cn/zhengcehuobisi/125207/125213/125431/125475/3995727/index.html,不开展逆回购
2020-03-25,公开市场业务交易公告 [2020]第56号,https://www.pbc.gov.cn/zhengcehuobisi/125207/125213/125431/125475/3994975/index.html,不开展逆回购
2020-03-24,公开市场业务交易公告 [2020]第55号,https://www.pbc.gov.cn/zhengcehuobisi/125207/125213/125431/125475/3993928/index.html,不开展逆回购
2020-03-23,公开市场业务交易公告 [2020]第54号,https://www.pbc.gov.cn/zhengcehuobisi/125207/125213/125431/125475/3993166/index.html,不开展逆回购
2020-03-20,公开市场业务交易公告 [2020]第53号,https://www.pbc.gov.cn/zhengcehuobisi/125207/125213/125431/125475/3992239/index.html,不开展逆回购
2020-03-19,公开市场业务交易公告 [2020]第52号,https://www.pbc.gov.cn/zhengcehuobisi/125207/125213/125431/125475/3991350/index.html,不开展逆回购
2020-03-18,公开市场业务交易公告 [2020]第51号,https://www.pbc.gov.cn/zhengcehuobisi/125207/125213/125431/125475/3990920/index.html,不开展逆回购
2020-03-17,公开市场业务交易公告 [2020]第50号,https://www.pbc.gov.cn/zhengcehuobisi/125207/125213/125431/125475/3990393/index.html,不开展逆回购
2020-03-16,公开市场业务交易公告 [2020]第49号,https://www.pbc.gov.cn/zhengcehuobisi/125207/125213/125431/125475/3989548/index.html,不开展逆回购
2020-03-13,公开市场业务交易公告 [2020]第48号,https://www.pbc.gov.cn/zhengcehuobisi/125207/125213/125431/125475/3988419/index.html,不开展逆回购
2020-03-12,公开市场业务交易公告 [2020]第47号,https://www.pbc.gov.cn/zhengcehuobisi/125207/125213/125431/125475/3987832/index.html,不开展逆回购
2020-03-11,公开市场业务交易公告 [2020]第46号,https://www.pbc.gov.cn/zhengcehuobisi/125207/125213/125431/125475/3987110/index.html,不开展逆回购
2020-03-10,公开市场业务交易公告 [2020]第45号,https://www.pbc.gov.cn/zhengcehuobisi/125207/125213/125431/125475/3986178/index.html,不开展逆回购
2020-03-09,公开市场业务交易公告 [2020]第44号,https://www.pbc.gov.cn/zhengcehuobisi/125207/125213/125431/125475/3985472/index.html,不开展逆回购
2020-03-06,公开市场业务交易公告 [2020]第43号,https://www.pbc.gov.cn/zhengcehuobisi/125207/125213/125431/125475/3984125/index.html,不开展逆回购
2020-03-05,公开市场业务交易公告 [2020]第42号,https://www.pbc.gov.cn/zhengcehuobisi/125207/125213/125431/125475/3983384/index.html,不开展逆回购
2020-03-04,公开市场业务交易公告 [2020]第41号,https://www.pbc.gov.cn/zhengcehuobisi/125207/125213/125431/125475/3982765/index.html,不开展逆回购
2020-03-03,公开市场业务交易公告 [2020]第40号,https://www.pbc.gov.cn/zhengcehuobisi/125207/125213/125431/125475/3981120/index.html,不开展逆回购
2020-03-02,公开市场业务交易公告 [2020]第39号,https://www.pbc.gov.cn/zhengcehuobisi/125207/125213/125431/125475/3980084/index.html,不开展逆回购
2020-02-28,公开市场业务交易公告 [2020]第38号,https://www.pbc.gov.cn/zhengcehuobisi/125207/125213/125431/125475/3979127/index.html,不开展逆回购
2020-02-27,公开市场业务交易公告 [2020]第37号,https://www.pbc.gov.cn/zhengcehuobisi/125207/125213/125431/125475/3978162/index.html,不开展逆回购
2020-02-26,公开市场业务交易公告 [2020]第36号,https://www.pbc.gov.cn/zhengcehuobisi/125207/125213/125431/125475/3977501/index.html,不开展逆回购
2020-02-25,公开市场业务交易公告 [2020]第35号,https://www.pbc.gov.cn/zhengcehuobisi/125207/125213/125431/125475/3976409/index.html,不开展逆回购
2020-02-24,公开市场业务交易公告 [2020]第34号,https://www.pbc.gov.cn/zhengcehuobisi/125207/125213/125431/125475/3975644/index.html,不开展逆回购
2020-02-21,公开市场业务交易公告 [2020]第33号,https://www.pbc.gov.cn/zhengcehuobisi/125207/125213/125431/125475/3974710/index.html,不开展逆回购
2020-02-20,公开市场业务交易公告 [2020]第32号,https://www.pbc.gov.cn/zhengcehuobisi/125207/125213/125431/125475/3974465/index.html,不开展逆回购
2020-02-19,公开市场业务交易公告 [2020]第31号,https://www.pbc.gov.cn/zhengcehuobisi/125207/125213/125431/125475/3973363/index.html,不开展逆回购
2020-02-18,公开市场业务交易公告 [2020]第30号,https://www.pbc.gov.cn/zhengcehuobisi/125207/125213/125431/125475/3972712/index.html,不开展逆回购
2020-02-14,公开市场业务交易公告 [2020]第28号,https://www.pbc.gov.cn/zhengcehuobisi/125207/125213/125431/125475/3970854/index.html,不开展逆回购
2020-02-13,公开市场业务交易公告 [2020]第27号,https://www.pbc.gov.cn/zhengcehuobisi/125207/125213/125431/125475/3970803/index.html,逆回购なし
2020-02-13,公开市场业务交易公告 [2020]第26号,https://www.pbc.gov.cn/zhengcehuobisi/125207/125213/125431/125475/3970498/index.html,不开展逆回购
2020-02-12,公开市场业务交易公告 [2020]第25号,https://www.pbc.gov.cn/zhengcehuobisi/125207/125213/125431/125475/3970037/index.html,不开展逆回购
2020-02-07,公开市场业务交易公告 [2020]第22号,https://www.pbc.gov.cn/zhengcehuobisi/125207/125213/125431/125475/3968734/index.html,不开展逆回购
2020-02-06,公开市场业务交易公告 [2020]第21号,https://www.pbc.gov.cn/zhengcehuobisi/125207/125213/125431/125475/3968358/index.html,不开展逆回购
2020-02-05,公开市场业务交易公告 [2020]第20号,https://www.pbc.gov.cn/zhengcehuobisi/125207/125213/125431/125475/3967810/index.html,不开展逆回购
2020-01-14,公开市场业务交易公告 [2020]第9号,https://www.pbc.gov.cn/zhengcehuobisi/125207/125213/125431/125475/3958738/index.html,不开展逆回购
2020-01-13,公开市场业务交易公告 [2020]第8号,https://www.pbc.gov.cn/zhengcehuobisi/125207/125213/125431/125475/3957983/index.html,不开展逆回购
2020-01-10,公开市场业务交易公告 [2020]第7号,https://www.pbc.gov.cn/zhengcehuobisi/125207/125213/125431/125475/3957357/index.html,不开展逆回购
2020-01-09,公开市场业务交易公告 [2020]第6号,https://www.pbc.gov.cn/zhengcehuobisi/125207/125213/125431/125475/3956942/index.html,不开展逆回购
2020-01-08,公开市场业务交易公告 [2020]第5号,https://www.pbc.gov.cn/zhengcehuobisi/125207/125213/125431/125475/3956363/index.html,不开展逆回购
2020-01-07,公开市场业务交易公告 [2020]第4号,https://www.pbc.gov.cn/zhengcehuobisi/125207/125213/125431/125475/3955576/index.html,不开展逆回购
2020-01-06,公开市场业务交易公告 [2020]第3号,https://www.pbc.gov.cn/zhengcehuobisi/125207/125213/125431/125475/3955065/index.html,不开展逆回购
2020-01-03,公开市场业务交易公告 [2020]第2号,https://www.pbc.gov.cn/zhengcehuobisi/125207/125213/125431/125475/3954331/index.html,不开展逆回购
2020-01-02,公开市场业务交易公告 [2020]第1号,https://www.pbc.gov.cn/zhengcehuobisi/125207/125213/125431/125475/3953710/index.html,不开展逆回购
2019-12-31,公开市场业务交易公告 [2019]第257号,https://www.pbc.gov.cn/zhengcehuobisi/125207/125213/125431/125475/3952101/index.html,不开展逆回购
2019-12-30,公开市场业务交易公告 [2019]第256号,https://www.pbc.gov.cn/zhengcehuobisi/125207/125213/125431/125475/3951220/index.html,不开展逆回购
2019-12-27,公开市场业务交易公告 [2019]第255号,https://www.pbc.gov.cn/zhengcehuobisi/125207/125213/125431/125475/3949479/index.html,不开展逆回购
2019-12-26,公开市场业务交易公告 [2019]第254号,https://www.pbc.gov.cn/zhengcehuobisi/125207/125213/125431/125475/3948486/index.html,不开展逆回购
2019-12-25,公开市场业务交易公告 [2019]第253号,https://www.pbc.gov.cn/zhengcehuobisi/125207/125213/125431/125475/3946929/index.html,不开展逆回购
2019-12-24,公开市场业务交易公告 [2019]第252号,https://www.pbc.gov.cn/zhengcehuobisi/125207/125213/125431/125475/3945915/index.html,不开展逆回购
2019-12-20,公开市场业务交易公告 [2019]第250号,https://www.pbc.gov.cn/zhengcehuobisi/125207/125213/125431/125475/3943286/index.html,逆回购なし
2019-12-17,公开市场业务交易公告 [2019]第246号,https://www.pbc.gov.cn/zhengcehuobisi/125207/125213/125431/125475/3940666/index.html,不开展逆回购
2019-12-16,公开市场业务交易公告 [2019]第245号,https://www.pbc.gov.cn/zhengcehuobisi/125207/125213/125431/125475/3939378/index.html,不开展逆回购
2019-12-13,公开市场业务交易公告 [2019]第244号,https://www.pbc.gov.cn/zhengcehuobisi/125207/125213/125431/125475/3938175/index.html,不开展逆回购
2019-12-12,公开市场业务交易公告 [2019]第243号,https://www.pbc.gov.cn/zhengcehuobisi/125207/125213/125431/125475/3937553/index.html,不开展逆回购
2019-12-11,公开市场业务交易公告 [2019]第242号,https://www.pbc.gov.cn/zhengcehuobisi/125207/125213/125431/125475/3936606/index.html,不开展逆回购
2019-12-10,公开市场业务交易公告 [2019]第241号,https://www.pbc.gov.cn/zhengcehuobisi/125207/125213/125431/125475/3935684/index.html,不开展逆回购
2019-12-09,公开市场业务交易公告 [2019]第240号,https://www.pbc.gov.cn/zhengcehuobisi/125207/125213/125431/125475/3935007/index.html,不开展逆回购
2019-12-06,公开市场业务交易公告 [2019]第239号,https://www.pbc.gov.cn/zhengcehuobisi/125207/125213/125431/125475/3934201/index.html,不开展逆回购
2019-12-05,公开市场业务交易公告 [2019]第238号,https://www.pbc.gov.cn/zhengcehuobisi/125207/125213/125431/125475/3933462/index.html,不开展逆回购
2019-12-04,公开市场业务交易公告 [2019]第237号,https://www.pbc.gov.cn/zhengcehuobisi/125207/125213/125431/125475/3933091/index.html,不开展逆回购
2019-12-03,公开市场业务交易公告 [2019]第236号,https://www.pbc.gov.cn/zhengcehuobisi/125207/125213/125431/125475/3932212/index.html,不开展逆回购
2019-12-02,公开市场业务交易公告 [2019]第235号,https://www.pbc.gov.cn/zhengcehuobisi/125207/125213/125431/125475/3931050/index.html,不开展逆回购
2019-11-29,公开市场业务交易公告 [2019]第234号,https://www.pbc.gov.cn/zhengcehuobisi/125207/125213/125431/125475/3929882/index.html,不开展逆回购
2019-11-28,公开市场业务交易公告 [2019]第233号,https://www.pbc.gov.cn/zhengcehuobisi/125207/125213/125431/125475/3929259/index.html,不开展逆回购
2019-11-27,公开市场业务交易公告 [2019]第232号,https://www.pbc.gov.cn/zhengcehuobisi/125207/125213/125431/125475/3928388/index.html,不开展逆回购
2019-11-26,公开市场业务交易公告 [2019]第231号,https://www.pbc.gov.cn/zhengcehuobisi/125207/125213/125431/125475/3927673/index.html,不开展逆回购
2019-11-25,公开市场业务交易公告 [2019]第230号,https://www.pbc.gov.cn/zhengcehuobisi/125207/125213/125431/125475/3926982/index.html,不开展逆回购
2019-11-22,公开市场业务交易公告 [2019]第229号,https://www.pbc.gov.cn/zhengcehuobisi/125207/125213/125431/125475/3925785/index.html,不开展逆回购
2019-11-21,公开市场业务交易公告 [2019]第228号,https://www.pbc.gov.cn/zhengcehuobisi/125207/125213/125431/125475/3924948/index.html,不开展逆回购
2019-11-20,公开市场业务交易公告 [2019]第227号,https://www.pbc.gov.cn/zhengcehuobisi/125207/125213/125431/125475/3924341/index.html,不开展逆回购
2019-11-15,公开市场业务交易公告 [2019]第224号,https://www.pbc.gov.cn/zhengcehuobisi/125207/125213/125431/125475/3921371/index.html,不开展逆回购
2019-11-14,公开市场业务交易公告 [2019]第223号,https://www.pbc.gov.cn/zhengcehuobisi/125207/125213/125431/125475/3920644/index.html,不开展逆回购
2019-11-13,公开市场业务交易公告 [2019]第222号,https://www.pbc.gov.cn/zhengcehuobisi/125207/125213/125431/125475/3919735/index.html,不开展逆回购
2019-11-12,公开市场业务交易公告 [2019]第221号,https://www.pbc.gov.cn/zhengcehuobisi/125207/125213/125431/125475/3918651/index.html,不开展逆回购
2019-11-11,公开市场业务交易公告 [2019]第220号,https://www.pbc.gov.cn/zhengcehuobisi/125207/125213/125431/125475/3917811/index.html,不开展逆回购
2019-11-08,公开市场业务交易公告 [2019]第219号,https://www.pbc.gov.cn/zhengcehuobisi/125207/125213/125431/125475/3916606/index.html,不开展逆回购
2019-11-07,公开市场业务交易公告 [2019]第218号,https://www.pbc.gov.cn/zhengcehuobisi/125207/125213/125431/125475/3916237/index.html,逆回购なし
2019-11-07,公开市场业务交易公告 [2019]第217号,https://www.pbc.gov.cn/zhengcehuobisi/125207/125213/125431/125475/3916036/index.html,不开展逆回购
2019-11-06,公开市场业务交易公告 [2019]第216号,https://www.pbc.gov.cn/zhengcehuobisi/125207/125213/125431/125475/3915422/index.html,不开展逆回购
2019-11-05,公开市场业务交易公告 [2019]第215号,https://www.pbc.gov.cn/zhengcehuobisi/125207/125213/125431/125475/3914723/index.html,不开展逆回购
2019-11-04,公开市场业务交易公告 [2019]第214号,https://www.pbc.gov.cn/zhengcehuobisi/125207/125213/125431/125475/3913219/index.html,不开展逆回购
2019-11-01,公开市场业务交易公告 [2019]第213号,https://www.pbc.gov.cn/zhengcehuobisi/125207/125213/125431/125475/3912262/index.html,不开展逆回购
2019-10-31,公开市场业务交易公告 [2019]第212号,https://www.pbc.gov.cn/zhengcehuobisi/125207/125213/125431/125475/3911807/index.html,不开展逆回购
2019-10-30,公开市场业务交易公告 [2019]第211号,https://www.pbc.gov.cn/zhengcehuobisi/125207/125213/125431/125475/3911119/index.html,不开展逆回购
2019-10-29,公开市场业务交易公告 [2019]第210号,https://www.pbc.gov.cn/zhengcehuobisi/125207/125213/125431/125475/3910327/index.html,不开展逆回购
2019-10-28,公开市场业务交易公告 [2019]第209号,https://www.pbc.gov.cn/zhengcehuobisi/125207/125213/125431/125475/3909328/index.html,不开展逆回购
2019-10-17,公开市场业务交易公告 [2019]第202号,https://www.pbc.gov.cn/zhengcehuobisi/125207/125213/125431/125475/3904554/index.html,不开展逆回购
2019-10-16,公开市场业务交易公告 [2019]第201号,https://www.pbc.gov.cn/zhengcehuobisi/125207/125213/125431/125475/3903925/index.html,不开展逆回购
2019-10-15,公开市场业务交易公告 [2019]第200号,https://www.pbc.gov.cn/zhengcehuobisi/125207/125213/125431/125475/3903525/index.html,不开展逆回购
2019-10-14,公开市场业务交易公告 [2019]第199号,https://www.pbc.gov.cn/zhengcehuobisi/125207/125213/125431/125475/3902538/index.html,不开展逆回购
2019-10-12,公开市场业务交易公告 [2019]第198号,https://www.pbc.gov.cn/zhengcehuobisi/125207/125213/125431/125475/3902024/index.html,不开展逆回购
2019-10-11,公开市场业务交易公告 [2019]第197号,https://www.pbc.gov.cn/zhengcehuobisi/125207/125213/125431/125475/3901512/index.html,不开展逆回购
2019-10-10,公开市场业务交易公告 [2019]第196号,https://www.pbc.gov.cn/zhengcehuobisi/125207/125213/125431/125475/3900525/index.html,不开展逆回购
2019-10-09,公开市场业务交易公告 [2019]第195号,https://www.pbc.gov.cn/zhengcehuobisi/125207/125213/125431/125475/3899825/index.html,不开展逆回购
2019-10-08,公开市场业务交易公告 [2019]第194号,https://www.pbc.gov.cn/zhengcehuobisi/125207/125213/125431/125475/3899272/index.html,不开展逆回购
2019-09-30,公开市场业务交易公告 [2019]第193号,https://www.pbc.gov.cn/zhengcehuobisi/125207/125213/125431/125475/3897978/index.html,不开展逆回购
2019-09-29,公开市场业务交易公告 [2019]第192号,https://www.pbc.gov.cn/zhengcehuobisi/125207/125213/125431/125475/3897500/index.html,不开展逆回购
2019-09-26,公开市场业务交易公告 [2019]第190号,https://www.pbc.gov.cn/zhengcehuobisi/125207/125213/125431/125475/3896504/index.html,逆回购なし
2019-09-17,公开市场业务交易公告 [2019]第182号,https://www.pbc.gov.cn/zhengcehuobisi/125207/125213/125431/125475/3890701/index.html,不开展逆回购
2019-09-16,公开市场业务交易公告 [2019]第181号,https://www.pbc.gov.cn/zhengcehuobisi/125207/125213/125431/125475/3889751/index.html,不开展逆回购
2019-09-12,公开市场业务交易公告 [2019]第180号,https://www.pbc.gov.cn/zhengcehuobisi/125207/125213/125431/125475/3888963/index.html,不开展逆回购
2019-09-05,公开市场业务交易公告 [2019]第175号,https://www.pbc.gov.cn/zhengcehuobisi/125207/125213/125431/125475/3885140/index.html,不开展逆回购
2019-09-04,公开市场业务交易公告 [2019]第174号,https://www.pbc.gov.cn/zhengcehuobisi/125207/125213/125431/125475/3884588/index.html,不开展逆回购
2019-09-03,公开市场业务交易公告 [2019]第173号,https://www.pbc.gov.cn/zhengcehuobisi/125207/125213/125431/125475/3884115/index.html,不开展逆回购
2019-09-02,公开市场业务交易公告 [2019]第172号,https://www.pbc.gov.cn/zhengcehuobisi/125207/125213/125431/125475/3883387/index.html,不开展逆回购
2019-08-30,公开市场业务交易公告 [2019]第171号,https://www.pbc.gov.cn/zhengcehuobisi/125207/125213/125431/125475/3882503/index.html,不开展逆回购
2019-08-29,公开市场业务交易公告 [2019]第170号,https://www.pbc.gov.cn/zhengcehuobisi/125207/125213/125431/125475/3882138/index.html,不开展逆回购
2019-08-26,公开市场业务交易公告 [2019]第167号,https://www.pbc.gov.cn/zhengcehuobisi/125207/125213/125431/125475/3879661/index.html,不开展逆回购
2019-08-14,公开市场业务交易公告 [2019]第159号,https://www.pbc.gov.cn/zhengcehuobisi/125207/125213/125431/125475/3874445/index.html,逆回购なし
2019-08-09,公开市场业务交易公告 [2019]第155号,https://www.pbc.gov.cn/zhengcehuobisi/125207/125213/125431/125475/3872156/index.html,不开展逆回购
2019-08-08,公开市场业务交易公告 [2019]第154号,https://www.pbc.gov.cn/zhengcehuobisi/125207/125213/125431/125475/3871835/index.html,不开展逆回购
2019-08-07,公开市场业务交易公告 [2019]第153号,https://www.pbc.gov.cn/zhengcehuobisi/125207/125213/125431/125475/3871142/index.html,不开展逆回购
2019-08-06,公开市场业务交易公告 [2019]第152号,https://www.pbc.gov.cn/zhengcehuobisi/125207/125213/125431/125475/3870222/index.html,不开展逆回购
2019-08-05,公开市场业务交易公告 [2019]第151号,https://www.pbc.gov.cn/zhengcehuobisi/125207/125213/125431/125475/3869540/index.html,不开展逆回购
2019-08-02,公开市场业务交易公告 [2019]第150号,https://www.pbc.gov.cn/zhengcehuobisi/125207/125213/125431/125475/3868863/index.html,不开展逆回购
2019-08-01,公开市场业务交易公告 [2019]第149号,https://www.pbc.gov.cn/zhengcehuobisi/125207/125213/125431/125475/3868522/index.html,不开展逆回购
2019-07-31,公开市场业务交易公告 [2019]第148号,https://www.pbc.gov.cn/zhengcehuobisi/125207/125213/125431/125475/3867942/index.html,不开展逆回购
2019-07-30,公开市场业务交易公告 [2019]第147号,https://www.pbc.gov.cn/zhengcehuobisi/125207/125213/125431/125475/3866963/index.html,不开展逆回购
2019-07-29,公开市场业务交易公告 [2019]第146号,https://www.pbc.gov.cn/zhengcehuobisi/125207/125213/125431/125475/3865886/index.html,不开展逆回购
2019-07-26,公开市场业务交易公告 [2019]第145号,https://www.pbc.gov.cn/zhengcehuobisi/125207/125213/125431/125475/3865274/index.html,不开展逆回购
2019-07-25,公开市场业务交易公告 [2019]第144号,https://www.pbc.gov.cn/zhengcehuobisi/125207/125213/125431/125475/3864752/index.html,不开展逆回购
2019-07-24,公开市场业务交易公告 [2019]第143号,https://www.pbc.gov.cn/zhengcehuobisi/125207/125213/125431/125475/3864293/index.html,不开展逆回购
2019-07-23,公开市场业务交易公告 [2019]第142号,https://www.pbc.gov.cn/zhengcehuobisi/125207/125213/125431/125475/3863899/index.html,不开展逆回购
2019-07-15,公开市场业务交易公告 [2019]第136号,https://www.pbc.gov.cn/zhengcehuobisi/125207/125213/125431/125475/3858549/index.html,不开展逆回购
2019-07-12,公开市场业务交易公告 [2019]第135号,https://www.pbc.gov.cn/zhengcehuobisi/125207/125213/125431/125475/3856672/index.html,不开展逆回购
2019-07-11,公开市场业务交易公告 [2019]第134号,https://www.pbc.gov.cn/zhengcehuobisi/125207/125213/125431/125475/3856279/index.html,不开展逆回购
2019-07-10,公开市场业务交易公告 [2019]第133号,https://www.pbc.gov.cn/zhengcehuobisi/125207/125213/125431/125475/3855847/index.html,不开展逆回购
2019-07-09,公开市场业务交易公告 [2019]第132号,https://www.pbc.gov.cn/zhengcehuobisi/125207/125213/125431/125475/3855058/index.html,不开展逆回购
2019-07-08,公开市场业务交易公告 [2019]第131号,https://www.pbc.gov.cn/zhengcehuobisi/125207/125213/125431/125475/3854365/index.html,不开展逆回购
2019-07-05,公开市场业务交易公告 [2019]第130号,https://www.pbc.gov.cn/zhengcehuobisi/125207/125213/125431/125475/3853742/index.html,不开展逆回购
2019-07-04,公开市场业务交易公告 [2019]第129号,https://www.pbc.gov.cn/zhengcehuobisi/125207/125213/125431/125475/3853423/index.html,不开展逆回购
2019-07-03,公开市场业务交易公告 [2019]第128号,https://www.pbc.gov.cn/zhengcehuobisi/125207/125213/125431/125475/3852933/index.html,不开展逆回购
2019-07-02,公开市场业务交易公告 [2019]第127号,https://www.pbc.gov.cn/zhengcehuobisi/125207/125213/125431/125475/3852000/index.html,不开展逆回购
2019-07-01,公开市场业务交易公告 [2019]第126号,https://www.pbc.gov.cn/zhengcehuobisi/125207/125213/125431/125475/3851240/index.html,不开展逆回购
2019-06-28,公开市场业务交易公告 [2019]第125号,https://www.pbc.gov.cn/zhengcehuobisi/125207/125213/125431/125475/3850663/index.html,不开展逆回购
2019-06-27,公开市场业务交易公告 [2019]第124号,https://www.pbc.gov.cn/zhengcehuobisi/125207/125213/125431/125475/3850153/index.html,不开展逆回购
2019-06-26,公开市场业务交易公告 [2019]第123号,https://www.pbc.gov.cn/zhengcehuobisi/125207/125213/125431/125475/3849744/index.html,逆回购なし
2019-06-26,公开市场业务交易公告 [2019]第122号,https://www.pbc.gov.cn/zhengcehuobisi/125207/125213/125431/125475/3849457/index.html,不开展逆回购
2019-06-25,公开市场业务交易公告 [2019]第121号,https://www.pbc.gov.cn/zhengcehuobisi/125207/125213/125431/125475/3848979/index.html,不开展逆回购
2019-06-24,公开市场业务交易公告 [2019]第120号,https://www.pbc.gov.cn/zhengcehuobisi/125207/125213/125431/125475/3848039/index.html,不开展逆回购
2019-05-31,公开市场业务交易公告 [2019]第105号,https://www.pbc.gov.cn/zhengcehuobisi/125207/125213/125431/125475/3837575/index.html,不开展逆回购
2019-05-24,公开市场业务交易公告 [2019]第100号,https://www.pbc.gov.cn/zhengcehuobisi/125207/125213/125431/125475/3833239/index.html,不开展逆回购
2019-05-23,公开市场业务交易公告 [2019]第99号,https://www.pbc.gov.cn/zhengcehuobisi/125207/125213/125431/125475/3832846/index.html,不开展逆回购
2019-05-20,公开市场业务交易公告 [2019]第96号,https://www.pbc.gov.cn/zhengcehuobisi/125207/125213/125431/125475/3830126/index.html,不开展逆回购
2019-05-17,公开市场业务交易公告 [2019]第95号,https://www.pbc.gov.cn/zhengcehuobisi/125207/125213/125431/125475/3829095/index.html,不开展逆回购
2019-05-16,公开市场业务交易公告 [2019]第94号,https://www.pbc.gov.cn/zhengcehuobisi/125207/125213/125431/125475/3827972/index.html,不开展逆回购
2019-05-15,公开市场业务交易公告 [2019]第93号,https://www.pbc.gov.cn/zhengcehuobisi/125207/125213/125431/125475/3827544/index.html,逆回购なし
2019-05-15,公开市场业务交易公告 [2019]第92号,https://www.pbc.gov.cn/zhengcehuobisi/125207/125213/125431/125475/3827087/index.html,不开展逆回购
2019-05-14,公开市场业务交易公告 [2019]第91号,https://www.pbc.gov.cn/zhengcehuobisi/125207/125213/125431/125475/3825855/index.html,不开展逆回购
2019-05-13,公开市场业务交易公告 [2019]第90号,https://www.pbc.gov.cn/zhengcehuobisi/125207/125213/125431/125475/3824384/index.html,不开展逆回购
2019-05-10,公开市场业务交易公告 [2019]第89号,https://www.pbc.gov.cn/zhengcehuobisi/125207/125213/125431/125475/3823479/index.html,不开展逆回购
2019-05-09,公开市场业务交易公告 [2019]第88号,https://www.pbc.gov.cn/zhengcehuobisi/125207/125213/125431/125475/3822724/index.html,不开展逆回购
2019-05-05,公开市场业务交易公告 [2019]第84号,https://www.pbc.gov.cn/zhengcehuobisi/125207/125213/125431/125475/3819725/index.html,不开展逆回购
2019-04-30,公开市场业务交易公告 [2019]第83号,https://www.pbc.gov.cn/zhengcehuobisi/125207/125213/125431/125475/3818073/index.html,不开展逆回购
2019-04-29,公开市场业务交易公告 [2019]第82号,https://www.pbc.gov.cn/zhengcehuobisi/125207/125213/125431/125475/3817169/index.html,不开展逆回购
2019-04-28,公开市场业务交易公告 [2019]第81号,https://www.pbc.gov.cn/zhengcehuobisi/125207/125213/125431/125475/3816457/index.html,不开展逆回购
2019-04-26,公开市场业务交易公告 [2019]第80号,https://www.pbc.gov.cn/zhengcehuobisi/125207/125213/125431/125475/3815508/index.html,不开展逆回购
2019-04-25,公开市场业务交易公告 [2019]第79号,https://www.pbc.gov.cn/zhengcehuobisi/125207/125213/125431/125475/3815025/index.html,不开展逆回购
2019-04-23,公开市场业务交易公告 [2019]第77号,https://www.pbc.gov.cn/zhengcehuobisi/125207/125213/125431/125475/3812772/index.html,不开展逆回购
2019-04-22,公开市场业务交易公告 [2019]第76号,https://www.pbc.gov.cn/zhengcehuobisi/125207/125213/125431/125475/3811722/index.html,不开展逆回购
2019-04-15,公开市场业务交易公告 [2019]第71号,https://www.pbc.gov.cn/zhengcehuobisi/125207/125213/125431/125475/3807228/index.html,不开展逆回购
2019-04-12,公开市场业务交易公告 [2019]第70号,https://www.pbc.gov.cn/zhengcehuobisi/125207/125213/125431/125475/3806145/index.html,不开展逆回购
2019-04-11,公开市场业务交易公告 [2019]第69号,https://www.pbc.gov.cn/zhengcehuobisi/125207/125213/125431/125475/3805627/index.html,不开展逆回购
2019-04-10,公开市场业务交易公告 [2019]第68号,https://www.pbc.gov.cn/zhengcehuobisi/125207/125213/125431/125475/3805293/index.html,不开展逆回购
2019-04-09,公开市场业务交易公告 [2019]第67号,https://www.pbc.gov.cn/zhengcehuobisi/125207/125213/125431/125475/3804437/index.html,不开展逆回购
2019-04-08,公开市场业务交易公告 [2019]第66号,https://www.pbc.gov.cn/zhengcehuobisi/125207/125213/125431/125475/3803478/index.html,不开展逆回购
2019-04-04,公开市场业务交易公告 [2019]第65号,https://www.pbc.gov.cn/zhengcehuobisi/125207/125213/125431/125475/3802568/index.html,不开展逆回购
2019-04-03,公开市场业务交易公告 [2019]第64号,https://www.pbc.gov.cn/zhengcehuobisi/125207/125213/125431/125475/3800095/index.html,不开展逆回购
2019-04-02,公开市场业务交易公告 [2019]第63号,https://www.pbc.gov.cn/zhengcehuobisi/125207/125213/125431/125475/3798896/index.html,不开展逆回购
2019-04-01,公开市场业务交易公告 [2019]第62号,https://www.pbc.gov.cn/zhengcehuobisi/125207/125213/125431/125475/3797702/index.html,不开展逆回购
2019-03-29,公开市场业务交易公告 [2019]第61号,https://www.pbc.gov.cn/zhengcehuobisi/125207/125213/125431/125475/3796048/index.html,不开展逆回购
2019-03-28,公开市场业务交易公告 [2019]第60号,https://www.pbc.gov.cn/zhengcehuobisi/125207/125213/125431/125475/3795557/index.html,不开展逆回购
2019-03-27,公开市场业务交易公告 [2019]第59号,https://www.pbc.gov.cn/zhengcehuobisi/125207/125213/125431/125475/3794961/index.html,不开展逆回购
2019-03-26,公开市场业务交易公告 [2019]第58号,https://www.pbc.gov.cn/zhengcehuobisi/125207/125213/125431/125475/3793896/index.html,不开展逆回购
2019-03-25,公开市场业务交易公告 [2019]第57号,https://www.pbc.gov.cn/zhengcehuobisi/125207/125213/125431/125475/3792990/index.html,不开展逆回购
2019-03-22,公开市场业务交易公告 [2019]第56号,https://www.pbc.gov.cn/zhengcehuobisi/125207/125213/125431/125475/3792027/index.html,不开展逆回购
2019-03-21,公开市场业务交易公告 [2019]第55号,https://www.pbc.gov.cn/zhengcehuobisi/125207/125213/125431/125475/3791214/index.html,不开展逆回购
2019-03-20,公开市场业务交易公告 [2019]第54号,https://www.pbc.gov.cn/zhengcehuobisi/125207/125213/125431/125475/3790158/index.html,不开展逆回购
2019-03-14,公开市场业务交易公告 [2019]第50号,https://www.pbc.gov.cn/zhengcehuobisi/125207/125213/125431/125475/3785692/index.html,不开展逆回购
2019-03-13,公开市场业务交易公告 [2019]第49号,https://www.pbc.gov.cn/zhengcehuobisi/125207/125213/125431/125475/3784622/index.html,不开展逆回购
2019-03-12,公开市场业务交易公告 [2019]第48号,https://www.pbc.gov.cn/zhengcehuobisi/125207/125213/125431/125475/3783189/index.html,不开展逆回购
2019-03-11,公开市场业务交易公告 [2019]第47号,https://www.pbc.gov.cn/zhengcehuobisi/125207/125213/125431/125475/3782058/index.html,不开展逆回购
2019-03-08,公开市场业务交易公告 [2019]第46号,https://www.pbc.gov.cn/zhengcehuobisi/125207/125213/125431/125475/3781146/index.html,不开展逆回购
2019-03-07,公开市场业务交易公告 [2019]第45号,https://www.pbc.gov.cn/zhengcehuobisi/125207/125213/125431/125475/3780453/index.html,不开展逆回购
2019-03-06,公开市场业务交易公告 [2019]第44号,https://www.pbc.gov.cn/zhengcehuobisi/125207/125213/125431/125475/3779448/index.html,不开展逆回购
2019-03-05,公开市场业务交易公告 [2019]第43号,https://www.pbc.gov.cn/zhengcehuobisi/125207/125213/125431/125475/3778350/index.html,不开展逆回购
2019-03-04,公开市场业务交易公告 [2019]第42号,https://www.pbc.gov.cn/zhengcehuobisi/125207/125213/125431/125475/3777054/index.html,不开展逆回购
2019-03-01,公开市场业务交易公告 [2019]第41号,https://www.pbc.gov.cn/zhengcehuobisi/125207/125213/125431/125475/3775620/index.html,不开展逆回购
2019-02-28,公开市场业务交易公告 [2019]第40号,https://www.pbc.gov.cn/zhengcehuobisi/125207/125213/125431/125475/3774565/index.html,不开展逆回购
2019-02-21,公开市场业务交易公告 [2019]第35号,https://www.pbc.gov.cn/zhengcehuobisi/125207/125213/125431/125475/3768141/index.html,テーブル解析失敗
2019-02-19,公开市场业务交易公告 [2019]第33号,https://www.pbc.gov.cn/zhengcehuobisi/125207/125213/125431/125475/3766212/index.html,不开展逆回购
2019-02-18,公开市场业务交易公告 [2019]第32号,https://www.pbc.gov.cn/zhengcehuobisi/125207/125213/125431/125475/3765079/index.html,不开展逆回购
2019-02-15,公开市场业务交易公告 [2019]第31号,https://www.pbc.gov.cn/zhengcehuobisi/125207/125213/125431/125475/3764412/index.html,不开展逆回购
2019-02-14,公开市场业务交易公告 [2019]第30号,https://www.pbc.gov.cn/zhengcehuobisi/125207/125213/125431/125475/3763883/index.html,不开展逆回购
2019-02-13,公开市场业务交易公告 [2019]第29号,https://www.pbc.gov.cn/zhengcehuobisi/125207/125213/125431/125475/3763423/index.html,逆回购なし
2019-02-13,公开市场业务交易公告 [2019]第28号,https://www.pbc.gov.cn/zhengcehuobisi/125207/125213/125431/125475/3763253/index.html,不开展逆回购
2019-02-12,公开市场业务交易公告 [2019]第27号,https://www.pbc.gov.cn/zhengcehuobisi/125207/125213/125431/125475/3762397/index.html,不开展逆回购
2019-02-11,公开市场业务交易公告 [2019]第26号,https://www.pbc.gov.cn/zhengcehuobisi/125207/125213/125431/125475/3761569/index.html,不开展逆回购
2019-02-03,公开市场业务交易公告 [2019]第25号,https://www.pbc.gov.cn/zhengcehuobisi/125207/125213/125431/125475/3761003/index.html,不开展逆回购
2019-02-02,公开市场业务交易公告 [2019]第24号,https://www.pbc.gov.cn/zhengcehuobisi/125207/125213/125431/125475/3760077/index.html,不开展逆回购
2019-01-29,公开市场业务交易公告 [2019]第20号,https://www.pbc.gov.cn/zhengcehuobisi/125207/125213/125431/125475/3754951/index.html,不开展逆回购
2019-01-28,公开市场业务交易公告 [2019]第19号,https://www.pbc.gov.cn/zhengcehuobisi/125207/125213/125431/125475/3753102/index.html,不开展逆回购
2019-01-25,公开市场业务交易公告 [2019]第18号,https://www.pbc.gov.cn/zhengcehuobisi/125207/125213/125431/125475/3752492/index.html,不开展逆回购
2019-01-24,公开市场业务交易公告 [2019]第17号,https://www.pbc.gov.cn/zhengcehuobisi/125207/125213/125431/125475/3751877/index.html,不开展逆回购
2019-01-22,公开市场业务交易公告 [2019]第15号,https://www.pbc.gov.cn/zhengcehuobisi/125207/125213/125431/125475/3750099/index.html,不开展逆回购
2019-01-21,公开市场业务交易公告 [2019]第14号,https://www.pbc.gov.cn/zhengcehuobisi/125207/125213/125431/125475/3748424/index.html,不开展逆回购
2019-01-11,公开市场业务交易公告 [2019]第8号,https://www.pbc.gov.cn/zhengcehuobisi/125207/125213/125431/125475/3742307/index.html,不开展逆回购
2019-01-10,公开市场业务交易公告 [2019]第7号,https://www.pbc.gov.cn/zhengcehuobisi/125207/125213/125431/125475/3741574/index.html,不开展逆回购
2019-01-09,公开市场业务交易公告 [2019]第6号,https://www.pbc.gov.cn/zhengcehuobisi/125207/125213/125431/125475/3740879/index.html,不开展逆回购
2019-01-08,公开市场业务交易公告 [2019]第5号,https://www.pbc.gov.cn/zhengcehuobisi/125207/125213/125431/125475/3739919/index.html,不开展逆回购
2019-01-07,公开市场业务交易公告 [2019]第4号,https://www.pbc.gov.cn/zhengcehuobisi/125207/125213/125431/125475/3738409/index.html,不开展逆回购
2018-12-13,公开市场业务交易公告 [2018]第239号,https://www.pbc.gov.cn/zhengcehuobisi/125207/125213/125431/125475/3684217/index.html,不开展逆回购
2018-12-12,公开市场业务交易公告 [2018]第238号,https://www.pbc.gov.cn/zhengcehuobisi/125207/125213/125431/125475/3683521/index.html,不开展逆回购
2018-12-11,公开市场业务交易公告 [2018]第237号,https://www.pbc.gov.cn/zhengcehuobisi/125207/125213/125431/125475/3682682/index.html,不开展逆回购
2018-12-10,公开市场业务交易公告 [2018]第236号,https://www.pbc.gov.cn/zhengcehuobisi/125207/125213/125431/125475/3681096/index.html,不开展逆回购
2018-12-07,公开市场业务交易公告 [2018]第235号,https://www.pbc.gov.cn/zhengcehuobisi/125207/125213/125431/125475/3679703/index.html,不开展逆回购
2018-12-05,公开市场业务交易公告 [2018]第233号,https://www.pbc.gov.cn/zhengcehuobisi/125207/125213/125431/125475/3678741/index.html,不开展逆回购
2018-12-04,公开市场业务交易公告 [2018]第232号,https://www.pbc.gov.cn/zhengcehuobisi/125207/125213/125431/125475/3677035/index.html,不开展逆回购
2018-12-03,公开市场业务交易公告 [2018]第231号,https://www.pbc.gov.cn/zhengcehuobisi/125207/125213/125431/125475/3675482/index.html,不开展逆回购
2018-11-30,公开市场业务交易公告 [2018]第230号,https://www.pbc.gov.cn/zhengcehuobisi/125207/125213/125431/125475/3674840/index.html,不开展逆回购
2018-11-29,公开市场业务交易公告 [2018]第229号,https://www.pbc.gov.cn/zhengcehuobisi/125207/125213/125431/125475/3674123/index.html,不开展逆回购
2018-11-28,公开市场业务交易公告 [2018]第228号,https://www.pbc.gov.cn/zhengcehuobisi/125207/125213/125431/125475/3673767/index.html,不开展逆回购
2018-11-27,公开市场业务交易公告 [2018]第227号,https://www.pbc.gov.cn/zhengcehuobisi/125207/125213/125431/125475/3671798/index.html,不开展逆回购
2018-11-26,公开市场业务交易公告 [2018]第226号,https://www.pbc.gov.cn/zhengcehuobisi/125207/125213/125431/125475/3670245/index.html,不开展逆回购
2018-11-23,公开市场业务交易公告 [2018]第225号,https://www.pbc.gov.cn/zhengcehuobisi/125207/125213/125431/125475/3669060/index.html,不开展逆回购
2018-11-22,公开市场业务交易公告 [2018]第224号,https://www.pbc.gov.cn/zhengcehuobisi/125207/125213/125431/125475/3668522/index.html,不开展逆回购
2018-11-21,公开市场业务交易公告 [2018]第223号,https://www.pbc.gov.cn/zhengcehuobisi/125207/125213/125431/125475/3668241/index.html,不开展逆回购
2018-11-20,公开市场业务交易公告 [2018]第222号,https://www.pbc.gov.cn/zhengcehuobisi/125207/125213/125431/125475/3667205/index.html,不开展逆回购
2018-11-19,公开市场业务交易公告 [2018]第221号,https://www.pbc.gov.cn/zhengcehuobisi/125207/125213/125431/125475/3665621/index.html,不开展逆回购
2018-11-16,公开市场业务交易公告 [2018]第220号,https://www.pbc.gov.cn/zhengcehuobisi/125207/125213/125431/125475/3664564/index.html,不开展逆回购
2018-11-15,公开市场业务交易公告 [2018]第219号,https://www.pbc.gov.cn/zhengcehuobisi/125207/125213/125431/125475/3663880/index.html,不开展逆回购
2018-11-14,公开市场业务交易公告 [2018]第218号,https://www.pbc.gov.cn/zhengcehuobisi/125207/125213/125431/125475/3663548/index.html,不开展逆回购
2018-11-13,公开市场业务交易公告 [2018]第217号,https://www.pbc.gov.cn/zhengcehuobisi/125207/125213/125431/125475/3662448/index.html,不开展逆回购
2018-11-12,公开市场业务交易公告 [2018]第216号,https://www.pbc.gov.cn/zhengcehuobisi/125207/125213/125431/125475/3661202/index.html,不开展逆回购
2018-11-09,公开市场业务交易公告 [2018]第215号,https://www.pbc.gov.cn/zhengcehuobisi/125207/125213/125431/125475/3660331/index.html,不开展逆回购
2018-11-08,公开市场业务交易公告 [2018]第214号,https://www.pbc.gov.cn/zhengcehuobisi/125207/125213/125431/125475/3659780/index.html,不开展逆回购
2018-11-07,公开市场业务交易公告 [2018]第213号,https://www.pbc.gov.cn/zhengcehuobisi/125207/125213/125431/125475/3659278/index.html,逆回购なし
2018-11-07,公开市场业务交易公告 [2018]第212号,https://www.pbc.gov.cn/zhengcehuobisi/125207/125213/125431/125475/3659131/index.html,不开展逆回购
2018-11-06,公开市场业务交易公告 [2018]第211号,https://www.pbc.gov.cn/zhengcehuobisi/125207/125213/125431/125475/3657905/index.html,不开展逆回购
2018-11-02,公开市场业务交易公告 [2018]第209号,https://www.pbc.gov.cn/zhengcehuobisi/125207/125213/125431/125475/3655914/index.html,不开展逆回购
2018-11-01,公开市场业务交易公告 [2018]第208号,https://www.pbc.gov.cn/zhengcehuobisi/125207/125213/125431/125475/3655236/index.html,不开展逆回购
2018-10-31,公开市场业务交易公告 [2018]第207号,https://www.pbc.gov.cn/zhengcehuobisi/125207/125213/125431/125475/3654645/index.html,不开展逆回购
2018-10-30,公开市场业务交易公告 [2018]第206号,https://www.pbc.gov.cn/zhengcehuobisi/125207/125213/125431/125475/3653339/index.html,不开展逆回购
2018-10-29,公开市场业务交易公告 [2018]第205号,https://www.pbc.gov.cn/zhengcehuobisi/125207/125213/125431/125475/3652130/index.html,不开展逆回购
2018-10-26,公开市场业务交易公告 [2018]第204号,https://www.pbc.gov.cn/zhengcehuobisi/125207/125213/125431/125475/3651614/index.html,不开展逆回购
2018-10-18,公开市场业务交易公告 [2018]第198号,https://www.pbc.gov.cn/zhengcehuobisi/125207/125213/125431/125475/3646372/index.html,逆回购なし
2018-10-17,公开市场业务交易公告 [2018]第197号,https://www.pbc.gov.cn/zhengcehuobisi/125207/125213/125431/125475/3645722/index.html,逆回购なし
2018-10-16,公开市场业务交易公告 [2018]第196号,https://www.pbc.gov.cn/zhengcehuobisi/125207/125213/125431/125475/3644787/index.html,逆回购なし
2018-10-15,公开市场业务交易公告 [2018]第195号,https://www.pbc.gov.cn/zhengcehuobisi/125207/125213/125431/125475/3643849/index.html,逆回购なし
2018-10-12,公开市场业务交易公告 [2018]第194号,https://www.pbc.gov.cn/zhengcehuobisi/125207/125213/125431/125475/3642861/index.html,逆回购なし
2018-10-11,公开市场业务交易公告 [2018]第193号,https://www.pbc.gov.cn/zhengcehuobisi/125207/125213/125431/125475/3642237/index.html,逆回购なし
2018-10-10,公开市场业务交易公告 [2018]第192号,https://www.pbc.gov.cn/zhengcehuobisi/125207/125213/125431/125475/3641376/index.html,逆回购なし
2018-10-09,公开市场业务交易公告 [2018]第191号,https://www.pbc.gov.cn/zhengcehuobisi/125207/125213/125431/125475/3640503/index.html,テーブル解析失敗
2018-10-08,公开市场业务交易公告 [2018]第190号,https://www.pbc.gov.cn/zhengcehuobisi/125207/125213/125431/125475/3639456/index.html,テーブル解析失敗
2018-09-30,公开市场业务交易公告 [2018]第189号,https://www.pbc.gov.cn/zhengcehuobisi/125207/125213/125431/125475/3637766/index.html,逆回购なし
2018-09-29,公开市场业务交易公告 [2018]第188号,https://www.pbc.gov.cn/zhengcehuobisi/125207/125213/125431/125475/3637099/index.html,逆回购なし
2018-09-28,公开市场业务交易公告 [2018]第187号,https://www.pbc.gov.cn/zhengcehuobisi/125207/125213/125431/125475/3636552/index.html,テーブル解析失敗
2018-09-27,公开市场业务交易公告 [2018]第186号,https://www.pbc.gov.cn/zhengcehuobisi/125207/125213/125431/125475/3636055/index.html,テーブル解析失敗
2018-09-26,公开市场业务交易公告 [2018]第185号,https://www.pbc.gov.cn/zhengcehuobisi/125207/125213/125431/125475/3634959/index.html,テーブル解析失敗
2018-09-21,公开市场业务交易公告 [2018]第183号,https://www.pbc.gov.cn/zhengcehuobisi/125207/125213/125431/125475/3632395/index.html,不开展逆回购
2018-09-11,公开市场业务交易公告 [2018]第175号,https://www.pbc.gov.cn/zhengcehuobisi/125207/125213/125431/125475/3624103/index.html,逆回购なし
2018-09-10,公开市场业务交易公告 [2018]第174号,https://www.pbc.gov.cn/zhengcehuobisi/125207/125213/125431/125475/3622959/index.html,逆回购なし
2018-09-06,公开市场业务交易公告 [2018]第172号,https://www.pbc.gov.cn/zhengcehuobisi/125207/125213/125431/125475/3620680/index.html,逆回购なし
2018-09-05,公开市场业务交易公告 [2018]第171号,https://www.pbc.gov.cn/zhengcehuobisi/125207/125213/125431/125475/3619843/index.html,逆回购なし
2018-09-04,公开市场业务交易公告 [2018]第170号,https://www.pbc.gov.cn/zhengcehuobisi/125207/125213/125431/125475/3618444/index.html,逆回购なし
2018-09-03,公开市场业务交易公告 [2018]第169号,https://www.pbc.gov.cn/zhengcehuobisi/125207/125213/125431/125475/3616841/index.html,逆回购なし
2018-08-31,公开市场业务交易公告 [2018]第168号,https://www.pbc.gov.cn/zhengcehuobisi/125207/125213/125431/125475/3615196/index.html,逆回购なし
2018-08-30,公开市场业务交易公告 [2018]第167号,https://www.pbc.gov.cn/zhengcehuobisi/125207/125213/125431/125475/3614291/index.html,逆回购なし
2018-08-29,公开市场业务交易公告 [2018]第166号,https://www.pbc.gov.cn/zhengcehuobisi/125207/125213/125431/125475/3613694/index.html,逆回购なし
2018-08-28,公开市场业务交易公告 [2018]第165号,https://www.pbc.gov.cn/zhengcehuobisi/125207/125213/125431/125475/3612712/index.html,テーブル解析失敗
2018-08-27,公开市场业务交易公告 [2018]第164号,https://www.pbc.gov.cn/zhengcehuobisi/125207/125213/125431/125475/3610753/index.html,不开展逆回购
2018-08-23,公开市场业务交易公告 [2018]第162号,https://www.pbc.gov.cn/zhengcehuobisi/125207/125213/125431/125475/3609388/index.html,テーブル解析失敗
2018-08-22,公开市场业务交易公告 [2018]第161号,https://www.pbc.gov.cn/zhengcehuobisi/125207/125213/125431/125475/3608980/index.html,逆回购なし
2018-08-14,公开市场业务交易公告 [2018]第155号,https://www.pbc.gov.cn/zhengcehuobisi/125207/125213/125431/125475/3603651/index.html,逆回购なし
2018-08-13,公开市场业务交易公告 [2018]第154号,https://www.pbc.gov.cn/zhengcehuobisi/125207/125213/125431/125475/3601566/index.html,逆回购なし
2018-08-10,公开市场业务交易公告 [2018]第153号,https://www.pbc.gov.cn/zhengcehuobisi/125207/125213/125431/125475/3600168/index.html,逆回购なし
2018-08-09,公开市场业务交易公告 [2018]第152号,https://www.pbc.gov.cn/zhengcehuobisi/125207/125213/125431/125475/3599733/index.html,逆回购なし
2018-08-08,公开市场业务交易公告 [2018]第151号,https://www.pbc.gov.cn/zhengcehuobisi/125207/125213/125431/125475/3598242/index.html,逆回购なし
2018-08-07,公开市场业务交易公告 [2018]第150号,https://www.pbc.gov.cn/zhengcehuobisi/125207/125213/125431/125475/3597088/index.html,逆回购なし
2018-08-06,公开市场业务交易公告 [2018]第149号,https://www.pbc.gov.cn/zhengcehuobisi/125207/125213/125431/125475/3595485/index.html,逆回购なし
2018-08-03,公开市场业务交易公告 [2018]第148号,https://www.pbc.gov.cn/zhengcehuobisi/125207/125213/125431/125475/3594129/index.html,逆回购なし
2018-08-02,公开市场业务交易公告 [2018]第147号,https://www.pbc.gov.cn/zhengcehuobisi/125207/125213/125431/125475/3592916/index.html,テーブル解析失敗
2018-08-01,公开市场业务交易公告 [2018]第146号,https://www.pbc.gov.cn/zhengcehuobisi/125207/125213/125431/125475/3592454/index.html,テーブル解析失敗
2018-07-31,公开市场业务交易公告 [2018]第145号,https://www.pbc.gov.cn/zhengcehuobisi/125207/125213/125431/125475/3590850/index.html,テーブル解析失敗
2018-07-30,公开市场业务交易公告 [2018]第144号,https://www.pbc.gov.cn/zhengcehuobisi/125207/125213/125431/125475/3589334/index.html,テーブル解析失敗
2018-07-27,公开市场业务交易公告 [2018]第143号,https://www.pbc.gov.cn/zhengcehuobisi/125207/125213/125431/125475/3587873/index.html,逆回购なし
2018-07-26,公开市场业务交易公告 [2018]第142号,https://www.pbc.gov.cn/zhengcehuobisi/125207/125213/125431/125475/3586862/index.html,テーブル解析失敗
2018-07-25,公开市场业务交易公告 [2018]第141号,https://www.pbc.gov.cn/zhengcehuobisi/125207/125213/125431/125475/3585967/index.html,テーブル解析失敗
2018-07-24,公开市场业务交易公告 [2018]第140号,https://www.pbc.gov.cn/zhengcehuobisi/125207/125213/125431/125475/3584563/index.html,テーブル解析失敗
2018-07-20,公开市场业务交易公告 [2018]第138号,https://www.pbc.gov.cn/zhengcehuobisi/125207/125213/125431/125475/3581868/index.html,逆回购なし
2018-07-11,公开市场业务交易公告 [2018]第131号,https://www.pbc.gov.cn/zhengcehuobisi/125207/125213/125431/125475/3576023/index.html,テーブル解析失敗
2018-07-10,公开市场业务交易公告 [2018]第130号,https://www.pbc.gov.cn/zhengcehuobisi/125207/125213/125431/125475/3574977/index.html,テーブル解析失敗
2018-07-09,公开市场业务交易公告 [2018]第129号,https://www.pbc.gov.cn/zhengcehuobisi/125207/125213/125431/125475/3573730/index.html,逆回购なし
2018-07-06,公开市场业务交易公告 [2018]第128号,https://www.pbc.gov.cn/zhengcehuobisi/125207/125213/125431/125475/3572641/index.html,テーブル解析失敗
2018-07-05,公开市场业务交易公告 [2018]第127号,https://www.pbc.gov.cn/zhengcehuobisi/125207/125213/125431/125475/3572149/index.html,テーブル解析失敗
2018-07-03,公开市场业务交易公告 [2018]第125号,https://www.pbc.gov.cn/zhengcehuobisi/125207/125213/125431/125475/3570219/index.html,テーブル解析失敗
2018-07-02,公开市场业务交易公告 [2018]第124号,https://www.pbc.gov.cn/zhengcehuobisi/125207/125213/125431/125475/3568603/index.html,テーブル解析失敗
2018-06-25,公开市场业务交易公告 [2018]第119号,https://www.pbc.gov.cn/zhengcehuobisi/125207/125213/125431/125475/3564477/index.html,逆回购なし
2018-06-11,公开市场业务交易公告 [2018]第110号,https://www.pbc.gov.cn/zhengcehuobisi/125207/125213/125431/125475/3554261/index.html,テーブル解析失敗
2018-06-08,公开市场业务交易公告 [2018]第109号,https://www.pbc.gov.cn/zhengcehuobisi/125207/125213/125431/125475/3553273/index.html,テーブル解析失敗
2018-05-25,公开市场业务交易公告 [2018]第99号,https://www.pbc.gov.cn/zhengcehuobisi/125207/125213/125431/125475/3544894/index.html,逆回购なし
2018-05-21,公开市场业务交易公告 [2018]第95号,https://www.pbc.gov.cn/zhengcehuobisi/125207/125213/125431/125475/3541533/index.html,逆回购なし
2018-05-18,公开市场业务交易公告 [2018]第94号,https://www.pbc.gov.cn/zhengcehuobisi/125207/125213/125431/125475/3540683/index.html,逆回购なし
2018-05-11,公开市场业务交易公告 [2018]第89号,https://www.pbc.gov.cn/zhengcehuobisi/125207/125213/125431/125475/3536754/index.html,テーブル解析失敗
2018-05-08,公开市场业务交易公告 [2018]第86号,https://www.pbc.gov.cn/zhengcehuobisi/125207/125213/125431/125475/3534815/index.html,逆回购なし
2018-05-07,公开市场业务交易公告 [2018]第85号,https://www.pbc.gov.cn/zhengcehuobisi/125207/125213/125431/125475/3533852/index.html,逆回购なし
2018-04-28,公开市场业务交易公告 [2018]第81号,https://www.pbc.gov.cn/zhengcehuobisi/125207/125213/125431/125475/3529673/index.html,逆回购なし
2018-04-25,公开市场业务交易公告 [2018]第78号,https://www.pbc.gov.cn/zhengcehuobisi/125207/125213/125431/125475/3527709/index.html,テーブル解析失敗
2018-04-20,公开市场业务交易公告 [2018]第75号,https://www.pbc.gov.cn/zhengcehuobisi/125207/125213/125431/125475/3523741/index.html,テーブル解析失敗
2018-04-13,公开市场业务交易公告 [2018]第70号,https://www.pbc.gov.cn/zhengcehuobisi/125207/125213/125431/125475/3518784/index.html,逆回购なし
2018-04-12,公开市场业务交易公告 [2018]第69号,https://www.pbc.gov.cn/zhengcehuobisi/125207/125213/125431/125475/3518415/index.html,テーブル解析失敗
2018-04-11,公开市场业务交易公告 [2018]第68号,https://www.pbc.gov.cn/zhengcehuobisi/125207/125213/125431/125475/3517706/index.html,テーブル解析失敗
2018-04-10,公开市场业务交易公告 [2018]第67号,https://www.pbc.gov.cn/zhengcehuobisi/125207/125213/125431/125475/3516496/index.html,テーブル解析失敗
2018-04-04,公开市场业务交易公告 [2018]第64号,https://www.pbc.gov.cn/zhengcehuobisi/125207/125213/125431/125475/3514130/index.html,逆回购なし
2018-04-03,公开市场业务交易公告 [2018]第63号,https://www.pbc.gov.cn/zhengcehuobisi/125207/125213/125431/125475/3511989/index.html,逆回购なし
2018-04-02,公开市场业务交易公告 [2018]第62号,https://www.pbc.gov.cn/zhengcehuobisi/125207/125213/125431/125475/3510822/index.html,テーブル解析失敗
2018-03-30,公开市场业务交易公告 [2018]第61号,https://www.pbc.gov.cn/zhengcehuobisi/125207/125213/125431/125475/3509277/index.html,テーブル解析失敗
2018-03-29,公开市场业务交易公告 [2018]第60号,https://www.pbc.gov.cn/zhengcehuobisi/125207/125213/125431/125475/3508541/index.html,テーブル解析失敗
2018-03-28,公开市场业务交易公告 [2018]第59号,https://www.pbc.gov.cn/zhengcehuobisi/125207/125213/125431/125475/3508082/index.html,テーブル解析失敗
2018-03-27,公开市场业务交易公告 [2018]第58号,https://www.pbc.gov.cn/zhengcehuobisi/125207/125213/125431/125475/3506934/index.html,テーブル解析失敗
2018-03-26,公开市场业务交易公告 [2018]第57号,https://www.pbc.gov.cn/zhengcehuobisi/125207/125213/125431/125475/3505279/index.html,テーブル解析失敗
2018-03-23,公开市场业务交易公告 [2018]第56号,https://www.pbc.gov.cn/zhengcehuobisi/125207/125213/125431/125475/3504371/index.html,テーブル解析失敗
2018-03-21,公开市场业务交易公告 [2018]第54号,https://www.pbc.gov.cn/zhengcehuobisi/125207/125213/125431/125475/3502709/index.html,テーブル解析失敗
2018-03-20,公开市场业务交易公告 [2018]第53号,https://www.pbc.gov.cn/zhengcehuobisi/125207/125213/125431/125475/3501368/index.html,テーブル解析失敗
2018-03-09,公开市场业务交易公告 [2018]第46号,https://www.pbc.gov.cn/zhengcehuobisi/125207/125213/125431/125475/3495354/index.html,テーブル解析失敗
2018-03-08,公开市场业务交易公告 [2018]第45号,https://www.pbc.gov.cn/zhengcehuobisi/125207/125213/125431/125475/3494836/index.html,テーブル解析失敗
2018-03-06,公开市场业务交易公告 [2018]第43号,https://www.pbc.gov.cn/zhengcehuobisi/125207/125213/125431/125475/3493222/index.html,逆回购なし
2018-03-05,公开市场业务交易公告 [2018]第42号,https://www.pbc.gov.cn/zhengcehuobisi/125207/125213/125431/125475/3491997/index.html,テーブル解析失敗
2018-02-28,公开市场业务交易公告 [2018]第39号,https://www.pbc.gov.cn/zhengcehuobisi/125207/125213/125431/125475/3489214/index.html,逆回购なし
2018-02-27,公开市场业务交易公告 [2018]第38号,https://www.pbc.gov.cn/zhengcehuobisi/125207/125213/125431/125475/3488315/index.html,逆回购なし
2018-02-24,公开市场业务交易公告 [2018]第36号,https://www.pbc.gov.cn/zhengcehuobisi/125207/125213/125431/125475/3486371/index.html,逆回购なし
2018-02-14,公开市场业务交易公告 [2018]第33号,https://www.pbc.gov.cn/zhengcehuobisi/125207/125213/125431/125475/3484266/index.html,逆回购なし
2018-02-12,公开市场业务交易公告 [2018]第31号,https://www.pbc.gov.cn/zhengcehuobisi/125207/125213/125431/125475/3482184/index.html,逆回购なし
2018-02-11,公开市场业务交易公告 [2018]第30号,https://www.pbc.gov.cn/zhengcehuobisi/125207/125213/125431/125475/3481158/index.html,逆回购なし
2018-02-09,公开市场业务交易公告 [2018]第29号,https://www.pbc.gov.cn/zhengcehuobisi/125207/125213/125431/125475/3480157/index.html,逆回购なし
2018-02-08,公开市场业务交易公告 [2018]第28号,https://www.pbc.gov.cn/zhengcehuobisi/125207/125213/125431/125475/3479086/index.html,逆回购なし
2018-02-07,公开市场业务交易公告 [2018]第27号,https://www.pbc.gov.cn/zhengcehuobisi/125207/125213/125431/125475/3478331/index.html,逆回购なし
2018-02-06,公开市场业务交易公告 [2018]第26号,https://www.pbc.gov.cn/zhengcehuobisi/125207/125213/125431/125475/3477651/index.html,テーブル解析失敗
2018-02-05,公开市场业务交易公告 [2018]第25号,https://www.pbc.gov.cn/zhengcehuobisi/125207/125213/125431/125475/3476178/index.html,テーブル解析失敗
2018-02-02,公开市场业务交易公告 [2018]第24号,https://www.pbc.gov.cn/zhengcehuobisi/125207/125213/125431/125475/3475349/index.html,テーブル解析失敗
2018-02-01,公开市场业务交易公告 [2018]第23号,https://www.pbc.gov.cn/zhengcehuobisi/125207/125213/125431/125475/3474957/index.html,テーブル解析失敗
2018-01-31,公开市场业务交易公告 [2018]第22号,https://www.pbc.gov.cn/zhengcehuobisi/125207/125213/125431/125475/3474133/index.html,テーブル解析失敗
2018-01-30,公开市场业务交易公告 [2018]第21号,https://www.pbc.gov.cn/zhengcehuobisi/125207/125213/125431/125475/3472717/index.html,テーブル解析失敗
2018-01-29,公开市场业务交易公告 [2018]第20号,https://www.pbc.gov.cn/zhengcehuobisi/125207/125213/125431/125475/3471357/index.html,テーブル解析失敗
2018-01-26,公开市场业务交易公告 [2018]第19号,https://www.pbc.gov.cn/zhengcehuobisi/125207/125213/125431/125475/3470455/index.html,テーブル解析失敗
2018-01-25,公开市场业务交易公告 [2018]第18号,https://www.pbc.gov.cn/zhengcehuobisi/125207/125213/125431/125475/3469621/index.html,テーブル解析失敗
2018-01-09,公开市场业务交易公告 [2018]第6号,https://www.pbc.gov.cn/zhengcehuobisi/125207/125213/125431/125475/3459260/index.html,テーブル解析失敗
2018-01-08,公开市场业务交易公告 [2018]第5号,https://www.pbc.gov.cn/zhengcehuobisi/125207/125213/125431/125475/3457888/index.html,テーブル解析失敗
2018-01-05,公开市场业务交易公告 [2018]第4号,https://www.pbc.gov.cn/zhengcehuobisi/125207/125213/125431/125475/3456432/index.html,逆回购なし
2018-01-04,公开市场业务交易公告 [2018]第3号,https://www.pbc.gov.cn/zhengcehuobisi/125207/125213/125431/125475/3455755/index.html,テーブル解析失敗
2018-01-03,公开市场业务交易公告 [2018]第2号,https://www.pbc.gov.cn/zhengcehuobisi/125207/125213/125431/125475/3454474/index.html,テーブル解析失敗
2018-01-02,公开市场业务交易公告 [2018]第1号,https://www.pbc.gov.cn/zhengcehuobisi/125207/125213/125431/125475/3453288/index.html,テーブル解析失敗
2017-12-29,公开市场业务交易公告 [2017]第250号,https://www.pbc.gov.cn/zhengcehuobisi/125207/125213/125431/125475/3451654/index.html,テーブル解析失敗
2017-12-28,公开市场业务交易公告 [2017]第249号,https://www.pbc.gov.cn/zhengcehuobisi/125207/125213/125431/125475/3450404/index.html,テーブル解析失敗
2017-12-27,公开市场业务交易公告 [2017]第248号,https://www.pbc.gov.cn/zhengcehuobisi/125207/125213/125431/125475/3449707/index.html,テーブル解析失敗
2017-12-26,公开市场业务交易公告 [2017]第247号,https://www.pbc.gov.cn/zhengcehuobisi/125207/125213/125431/125475/3448582/index.html,テーブル解析失敗
2017-12-25,公开市场业务交易公告 [2017]第246号,https://www.pbc.gov.cn/zhengcehuobisi/125207/125213/125431/125475/3447020/index.html,テーブル解析失敗
2017-12-22,公开市场业务交易公告 [2017]第245号,https://www.pbc.gov.cn/zhengcehuobisi/125207/125213/125431/125475/3445918/index.html,テーブル解析失敗
2017-12-08,公开市场业务交易公告 [2017]第235号,https://www.pbc.gov.cn/zhengcehuobisi/125207/125213/125431/125475/3435327/index.html,逆回购なし
2017-12-05,公开市场业务交易公告 [2017]第232号,https://www.pbc.gov.cn/zhengcehuobisi/125207/125213/125431/125475/3432438/index.html,テーブル解析失敗
2017-12-04,公开市场业务交易公告 [2017]第231号,https://www.pbc.gov.cn/zhengcehuobisi/125207/125213/125431/125475/3431262/index.html,テーブル解析失敗
2017-12-01,公开市场业务交易公告 [2017]第230号,https://www.pbc.gov.cn/zhengcehuobisi/125207/125213/125431/125475/3430338/index.html,テーブル解析失敗
2017-11-06,公开市场业务交易公告 [2017]第211号,https://www.pbc.gov.cn/zhengcehuobisi/125207/125213/125431/125475/3410402/index.html,テーブル解析失敗
2017-11-02,公开市场业务交易公告 [2017]第209号,https://www.pbc.gov.cn/zhengcehuobisi/125207/125213/125431/125475/3408847/index.html,テーブル解析失敗
2017-10-09,公开市场业务交易公告 [2017]第191号,https://www.pbc.gov.cn/zhengcehuobisi/125207/125213/125431/125475/3393626/index.html,テーブル解析失敗
2017-09-30,公开市场业务交易公告 [2017]第190号,https://www.pbc.gov.cn/zhengcehuobisi/125207/125213/125431/125475/3392656/index.html,逆回购なし
2017-09-29,公开市场业务交易公告 [2017]第189号,https://www.pbc.gov.cn/zhengcehuobisi/125207/125213/125431/125475/3391218/index.html,テーブル解析失敗
2017-09-27,公开市场业务交易公告 [2017]第187号,https://www.pbc.gov.cn/zhengcehuobisi/125207/125213/125431/125475/3389419/index.html,テーブル解析失敗
2017-09-12,公开市场业务交易公告 [2017]第176号,https://www.pbc.gov.cn/zhengcehuobisi/125207/125213/125431/125475/3378853/index.html,逆回购なし
2017-09-11,公开市场业务交易公告 [2017]第175号,https://www.pbc.gov.cn/zhengcehuobisi/125207/125213/125431/125475/3377823/index.html,テーブル解析失敗
2017-09-08,公开市场业务交易公告 [2017]第174号,https://www.pbc.gov.cn/zhengcehuobisi/125207/125213/125431/125475/3377121/index.html,逆回购なし
2017-09-05,公开市场业务交易公告 [2017]第171号,https://www.pbc.gov.cn/zhengcehuobisi/125207/125213/125431/125475/3374943/index.html,テーブル解析失敗
2017-09-04,公开市场业务交易公告 [2017]第170号,https://www.pbc.gov.cn/zhengcehuobisi/125207/125213/125431/125475/3373808/index.html,テーブル解析失敗
2017-09-01,公开市场业务交易公告 [2017]第169号,https://www.pbc.gov.cn/zhengcehuobisi/125207/125213/125431/125475/3373052/index.html,テーブル解析失敗
2017-08-31,公开市场业务交易公告 [2017]第168号,https://www.pbc.gov.cn/zhengcehuobisi/125207/125213/125431/125475/3372558/index.html,テーブル解析失敗
2017-08-29,公开市场业务交易公告 [2017]第166号,https://www.pbc.gov.cn/zhengcehuobisi/125207/125213/125431/125475/3371184/index.html,逆回购なし
2017-08-25,公开市场业务交易公告 [2017]第163号,https://www.pbc.gov.cn/zhengcehuobisi/125207/125213/125431/125475/3368426/index.html,テーブル解析失敗
2017-08-24,公开市场业务交易公告 [2017]第162号,https://www.pbc.gov.cn/zhengcehuobisi/125207/125213/125431/125475/3367399/index.html,逆回购なし
2017-07-10,公开市场业务交易公告 [2017]第129号,https://www.pbc.gov.cn/zhengcehuobisi/125207/125213/125431/125475/3341180/index.html,テーブル解析失敗
2017-07-07,公开市场业务交易公告 [2017]第128号,https://www.pbc.gov.cn/zhengcehuobisi/125207/125213/125431/125475/3340337/index.html,テーブル解析失敗
2017-07-06,公开市场业务交易公告 [2017]第127号,https://www.pbc.gov.cn/zhengcehuobisi/125207/125213/125431/125475/3339734/index.html,テーブル解析失敗
2017-07-05,公开市场业务交易公告 [2017]第126号,https://www.pbc.gov.cn/zhengcehuobisi/125207/125213/125431/125475/3338697/index.html,テーブル解析失敗
2017-07-04,公开市场业务交易公告 [2017]第125号,https://www.pbc.gov.cn/zhengcehuobisi/125207/125213/125431/125475/3337902/index.html,逆回购なし
2017-07-03,公开市场业务交易公告 [2017]第124号,https://www.pbc.gov.cn/zhengcehuobisi/125207/125213/125431/125475/3336886/index.html,逆回购なし
2017-06-30,公开市场业务交易公告 [2017]第123号,https://www.pbc.gov.cn/zhengcehuobisi/125207/125213/125431/125475/3336263/index.html,テーブル解析失敗
2017-06-29,公开市场业务交易公告 [2017]第122号,https://www.pbc.gov.cn/zhengcehuobisi/125207/125213/125431/125475/3335429/index.html,テーブル解析失敗
2017-06-28,公开市场业务交易公告 [2017]第121号,https://www.pbc.gov.cn/zhengcehuobisi/125207/125213/125431/125475/3334585/index.html,テーブル解析失敗
2017-06-27,公开市场业务交易公告 [2017]第120号,https://www.pbc.gov.cn/zhengcehuobisi/125207/125213/125431/125475/3333840/index.html,テーブル解析失敗
2017-06-26,公开市场业务交易公告 [2017]第119号,https://www.pbc.gov.cn/zhengcehuobisi/125207/125213/125431/125475/3332669/index.html,テーブル解析失敗
2017-06-23,公开市场业务交易公告 [2017]第118号,https://www.pbc.gov.cn/zhengcehuobisi/125207/125213/125431/125475/3331413/index.html,テーブル解析失敗
2017-05-27,公开市场业务交易公告 [2017]第100号,https://www.pbc.gov.cn/zhengcehuobisi/125207/125213/125431/125475/3315683/index.html,逆回购なし
2017-05-19,公开市场业务交易公告 [2017]第94号,https://www.pbc.gov.cn/zhengcehuobisi/125207/125213/125431/125475/3310915/index.html,逆回购なし
2017-05-15,公开市场业务交易公告 [2017]第90号,https://www.pbc.gov.cn/zhengcehuobisi/125207/125213/125431/125475/3307489/index.html,逆回购なし
2017-05-09,公开市场业务交易公告 [2017]第86号,https://www.pbc.gov.cn/zhengcehuobisi/125207/125213/125431/125475/3304169/index.html,逆回购なし
2017-05-08,公开市场业务交易公告 [2017]第85号,https://www.pbc.gov.cn/zhengcehuobisi/125207/125213/125431/125475/3302413/index.html,逆回购なし
2017-05-05,公开市场业务交易公告 [2017]第84号,https://www.pbc.gov.cn/zhengcehuobisi/125207/125213/125431/125475/3301988/index.html,逆回购なし
2017-05-02,公开市场业务交易公告 [2017]第81号,https://www.pbc.gov.cn/zhengcehuobisi/125207/125213/125431/125475/3299373/index.html,逆回购なし
2017-04-12,公开市场业务交易公告 [2017]第68号,https://www.pbc.gov.cn/zhengcehuobisi/125207/125213/125431/125475/3289595/index.html,逆回购なし
2017-04-11,公开市场业务交易公告 [2017]第67号,https://www.pbc.gov.cn/zhengcehuobisi/125207/125213/125431/125475/3288867/index.html,逆回购なし
2017-04-10,公开市场业务交易公告 [2017]第66号,https://www.pbc.gov.cn/zhengcehuobisi/125207/125213/125431/125475/3287765/index.html,逆回购なし
2017-04-07,公开市场业务交易公告 [2017]第65号,https://www.pbc.gov.cn/zhengcehuobisi/125207/125213/125431/125475/3286903/index.html,逆回购なし
2017-04-06,公开市场业务交易公告 [2017]第64号,https://www.pbc.gov.cn/zhengcehuobisi/125207/125213/125431/125475/3286030/index.html,逆回购なし
2017-04-05,公开市场业务交易公告 [2017]第63号,https://www.pbc.gov.cn/zhengcehuobisi/125207/125213/125431/125475/3285194/index.html,逆回购なし
2017-04-01,公开市场业务交易公告 [2017]第62号,https://www.pbc.gov.cn/zhengcehuobisi/125207/125213/125431/125475/3284114/index.html,逆回购なし
2017-03-31,公开市场业务交易公告 [2017]第61号,https://www.pbc.gov.cn/zhengcehuobisi/125207/125213/125431/125475/3283436/index.html,テーブル解析失敗
2017-03-30,公开市场业务交易公告 [2017]第60号,https://www.pbc.gov.cn/zhengcehuobisi/125207/125213/125431/125475/3282457/index.html,テーブル解析失敗
2017-03-29,公开市场业务交易公告 [2017]第59号,https://www.pbc.gov.cn/zhengcehuobisi/125207/125213/125431/125475/3281796/index.html,テーブル解析失敗
2017-03-28,公开市场业务交易公告 [2017]第58号,https://www.pbc.gov.cn/zhengcehuobisi/125207/125213/125431/125475/3280772/index.html,テーブル解析失敗
2017-03-27,公开市场业务交易公告 [2017]第57号,https://www.pbc.gov.cn/zhengcehuobisi/125207/125213/125431/125475/3279651/index.html,テーブル解析失敗
2017-03-24,公开市场业务交易公告 [2017]第56号,https://www.pbc.gov.cn/zhengcehuobisi/125207/125213/125431/125475/3278953/index.html,逆回购なし
2017-03-10,公开市场业务交易公告 [2017]第46号,https://www.pbc.gov.cn/zhengcehuobisi/125207/125213/125431/125475/3269133/index.html,テーブル解析失敗
2017-03-09,公开市场业务交易公告 [2017]第45号,https://www.pbc.gov.cn/zhengcehuobisi/125207/125213/125431/125475/3268137/index.html,テーブル解析失敗
2017-02-10,公开市场业务交易公告 [2017]第26号,https://www.pbc.gov.cn/zhengcehuobisi/125207/125213/125431/125475/3249518/index.html,テーブル解析失敗
2017-02-09,公开市场业务交易公告 [2017]第25号,https://www.pbc.gov.cn/zhengcehuobisi/125207/125213/125431/125475/3248921/index.html,テーブル解析失敗
2017-02-08,公开市场业务交易公告 [2017]第24号,https://www.pbc.gov.cn/zhengcehuobisi/125207/125213/125431/125475/3248288/index.html,テーブル解析失敗
2017-02-07,公开市场业务交易公告 [2017]第23号,https://www.pbc.gov.cn/zhengcehuobisi/125207/125213/125431/125475/3247797/index.html,テーブル解析失敗
2017-02-06,公开市场业务交易公告 [2017]第22号,https://www.pbc.gov.cn/zhengcehuobisi/125207/125213/125431/125475/3247020/index.html,テーブル解析失敗
2017-02-04,公开市场业务交易公告 [2017]第21号,https://www.pbc.gov.cn/zhengcehuobisi/125207/125213/125431/125475/3246103/index.html,テーブル解析失敗
2016-10-08,公开市场业务交易公告 [2016]第178号,https://www.pbc.gov.cn/zhengcehuobisi/125207/125213/125431/125475/3154595/index.html,テーブル解析失敗
2016-03-02,公开市场业务交易公告 [2016]第29号,https://www.pbc.gov.cn/zhengcehuobisi/125207/125213/125431/125475/3024201/index.html,テーブル解析失敗
2016-03-01,公开市场业务交易公告 [2016]第28号,https://www.pbc.gov.cn/zhengcehuobisi/125207/125213/125431/125475/3023528/index.html,テーブル解析失敗
