time,open,high,low,close
1990-01-01,18.19,27.25,18.19,25.36
1990-02-01,24.87,24.87,19.71,21.99
1990-03-01,21.9,22.74,17.62,19.73
1990-04-02,22.84,24.16,17.73,19.52
1990-05-01,18.43,20.14,16.72,17.37
1990-06-01,17.09,19.36,14.72,15.5
1990-07-02,16.26,23.68,15.63,21.11
1990-08-01,21.64,36.47,20.43,29.9
1990-09-03,29.58,30.56,27.88,29.11
1990-10-01,28.06,33.98,27.27,30.04
1990-11-01,30.25,30.87,20.09,22.16
1990-12-03,22.29,26.38,20.94,26.38
1991-01-01,26.62,36.2,20.91,20.91
1991-02-01,21.04,23.6,19.57,21.23
1991-03-01,20.86,21.05,14.9,16.88
1991-04-01,17.42,20.12,15.47,18.24
1991-05-01,17.77,18.38,15.23,15.93
1991-06-03,16.87,19.55,15.5,19.55
1991-07-01,18.64,20.29,15.18,15.18
1991-08-01,15.47,21.19,14.41,14.46
1991-09-02,16.57,18.22,15.35,15.85
1991-10-01,14.81,18.58,14.81,15.48
1991-11-01,15.6,21.92,13.95,20.26
1991-12-02,20.18,20.57,15.44,19.31
1992-01-01,18.95,19.23,16.24,17.4
1992-02-03,18.2,18.79,16.35,16.68
1992-03-02,16.88,19.79,14.57,16.18
1992-04-01,16.48,20.15,14.85,15.53
1992-05-01,16.61,16.92,13.57,13.86
1992-06-01,14.43,18.2,13.21,13.35
1992-07-01,13.34,15.83,12.27,13.17
1992-08-03,13.83,15.88,13.14,13.58
1992-09-01,13.4,15.19,12.47,14.28
1992-10-01,16.31,20.51,15.47,16.15
1992-11-02,16.67,17.33,12.5,13.01
1992-12-01,12.8,12.8,11.51,12.57
1993-01-01,13.36,14.72,11.3,12.42
1993-02-01,12.33,15.9,12.12,13.16
1993-03-01,13.6,16.22,12.08,12.53
1993-04-01,13.02,15.25,10.96,12.42
1993-05-03,12.9,14.76,12.14,13.47
1993-06-01,13.67,14.74,11.11,11.26
1993-07-01,11.51,13.87,10.6,11.73
1993-08-02,11.47,12.39,11.47,11.85
1993-09-01,11.48,17.3,11.16,12.99
1993-10-01,11.83,13.14,10.87,11.46
1993-11-01,11.78,15.9,11.74,13.76
1993-12-01,13.83,13.83,9.31,11.66
1994-01-03,12.57,12.57,9.94,10.63
1994-02-01,10.65,16.34,10.61,14.87
1994-03-01,15.83,20.45,12.31,20.45
1994-04-01,23.87,23.87,13.77,13.77
1994-05-02,14.11,16.16,11.94,13.03
1994-06-01,12.72,16.72,11.22,14.97
1994-07-01,14.36,14.92,11.13,11.13
1994-08-01,11.17,12.83,11.09,11.97
1994-09-01,11.86,14.56,11.4,14.28
1994-10-03,15.44,16.97,13.55,14.56
1994-11-01,14.84,18.41,14.84,15.95
1994-12-01,16.69,17.23,11.82,13.2
1995-01-02,14.25,14.25,11.1,11.96
1995-02-01,11.73,12.51,10.84,11.75
1995-03-01,12.29,14.22,11.19,13.37
1995-04-03,13.5,13.5,11.48,11.75
1995-05-01,12.14,13.77,11.26,13.77
1995-06-01,12.21,14.12,10.75,11.38
1995-07-03,11.57,13.86,11.52,13.49
1995-08-01,13.56,13.78,11.52,11.52
1995-09-01,11.29,13.22,11.1,12.74
1995-10-02,13.95,15.74,13.46,13.83
1995-11-01,13.41,13.41,11.57,11.58
1995-12-01,11.11,14.55,10.36,12.52
1996-01-01,12.19,16.88,12,12.53
1996-02-01,12.65,17.12,12.65,17.04
1996-03-01,16.72,20.7,16.1,18.88
1996-04-01,17.9,20.22,14.72,15.83
1996-05-01,16.07,18.62,14.9,16.07
1996-06-03,16.86,18.64,13.68,13.68
1996-07-01,13.78,21.55,13.78,19.46
1996-08-01,18.76,18.76,13.71,17.01
1996-09-02,18.47,20.51,15.2,16.95
1996-10-01,17.05,18.48,14.8,18.11
1996-11-01,17.89,18.04,13.79,17.14
1996-12-02,17.93,21.99,17.75,20.92
1997-01-01,21.14,21.14,17.09,19.47
1997-02-03,19.58,21.41,18.9,21.1
1997-03-03,20.89,22.14,18.32,22.14
1997-04-01,20.84,21.34,17.64,20.06
1997-05-01,19.87,21.57,17.51,19.19
1997-06-02,20.85,21.82,18.51,21.53
1997-07-01,21,23.51,17.82,21.48
1997-08-01,22.29,24.76,19.77,24.76
1997-09-01,24.53,25.99,22,22.91
1997-10-01,22.32,38.2,19.53,35.09
1997-11-03,32.09,37.57,26.65,27.43
1997-12-01,26.01,30.27,22.65,24.01
1998-01-01,23.42,28.69,21.47,21.47
1998-02-02,21.36,21.55,18.55,18.55
1998-03-02,19.19,24.66,17.76,24.22
1998-04-01,23.37,26.09,19.87,21.18
1998-05-01,19.34,23.39,18.99,21.32
1998-06-01,22.83,26.2,19.36,19.71
1998-07-01,18,25.68,16.23,24.8
1998-08-03,25.98,44.28,25.98,44.28
1998-09-01,36.48,45.29,32.47,40.95
1998-10-01,43.48,49.53,28.05,28.05
1998-11-02,27.26,29.28,21.84,26.01
1998-12-01,24.97,31.31,20.21,24.42
1999-01-01,26.17,32.98,23.28,26.25
1999-02-01,27.67,31.36,25.87,27.88
1999-03-01,28.37,29.22,22.73,23.26
1999-04-01,22.06,26.42,21.77,25.07
1999-05-03,24.15,28.9,24.15,25.39
1999-06-01,26.62,26.62,21.09,21.09
1999-07-01,19.69,24.98,17.42,24.64
1999-08-02,25.59,28.45,20.96,24.45
1999-09-01,22.93,27.84,20.98,25.41
1999-10-01,24.93,28.75,20.49,22.2
1999-11-01,22.09,24.18,19.11,24.18
1999-12-01,22.23,23.91,19.32,23.4
2000-01-03,24.21,27.01,19.66,24.95
2000-02-01,23.45,26,21.25,23.37
2000-03-01,21.64,24.86,19.21,23.67
2000-04-03,24.03,33.49,24.03,26.2
2000-05-01,25.88,31.63,23.62,23.65
2000-06-01,22.36,23.05,19.54,19.54
2000-07-03,19.83,21.16,18.94,20.74
2000-08-01,20.55,20.55,16.53,16.84
2000-09-01,17.53,21.88,17.53,20.57
2000-10-02,21.23,29.47,21.03,23.63
2000-11-01,24.28,29.65,23.67,29.65
2000-12-01,27.48,31.74,22.41,26.85
2001-01-02,29.99,29.99,21.57,22.02
2001-02-01,21.66,28.35,20.27,28.35
2001-03-01,28.08,32.84,24.12,28.64
2001-04-02,31.21,34.72,24.13,25.48
2001-05-01,24.2,25.78,20.57,22.64
2001-06-01,21.59,23.17,19.06,19.06
2001-07-02,18.76,25.24,18.76,21.62
2001-08-01,20.56,25.41,19.71,24.92
2001-09-04,25.85,43.74,25.85,31.93
2001-10-01,32.32,35.31,28.42,33.56
2001-11-01,32.31,32.31,23.25,24.92
2001-12-03,25.77,25.91,21.4,23.8
2002-01-02,22.71,24.35,20.45,21.09
2002-02-01,21.12,26.09,20.85,21.59
2002-03-01,19.96,20.5,17.4,17.4
2002-04-01,18.73,24.05,18.11,21.91
2002-05-01,20.06,22.56,17.7,19.98
2002-06-03,23.37,28.42,22.61,25.4
2002-07-01,27.11,48.46,27.11,32.03
2002-08-01,36.95,45.08,27.75,32.64
2002-09-03,39.97,40.65,34.6,39.69
2002-10-01,34.12,43.44,30,31.14
2002-11-01,29.3,31.3,23.16,27.5
2002-12-02,27.46,30.78,26.2,28.62
2003-01-02,25.39,34.69,24.25,31.17
2003-02-03,31.02,34.33,29.63,29.63
2003-03-03,30.43,33.61,27.75,29.15
2003-04-01,28.36,29.13,20.33,21.21
2003-05-01,21.59,21.59,18.4,19.47
2003-06-02,20.85,22.15,19.14,19.52
2003-07-01,19.46,20.22,17.75,19.49
2003-08-01,20.75,22.68,17.82,18.63
2003-09-02,19.02,23.25999,17.57,22.71999
2003-10-01,22.81,22.82001,15.79,16.09999
2003-11-03,16.33,19.61,16.01999,16.31999
2003-12-01,16.74001,18.86,14.66,18.31
2004-01-02,17.96001,19,14.01,16.62999
2004-02-02,17.45,18.06,13.8,14.55
2004-03-01,14.91,22.67,13.83,16.73999
2004-04-01,16.75999,17.98,12.89,17.18999
2004-05-03,17.69,20.45,15.19,15.5
2004-06-01,16.60001,17.03999,13.75,14.34
2004-07-01,14.74,17.92999,13.34,15.32
2004-08-02,16.42,19.97,14.67,15.29
2004-09-01,15.39,15.98,13.16,13.34
2004-10-01,13.11,19.53999,12.6,16.26999
2004-11-01,16.42999,16.75999,12.56,13.24
2004-12-01,13.1,13.74,11.14,13.29
2005-01-03,13.39,14.75,12.29,12.82
2005-02-01,12.8,13.2,10.9,12.08
2005-03-01,11.95,14.89,11.66,14.02
2005-04-01,13.64,18.59,11.19,15.31
2005-05-02,15.45,17.89,11.65,13.29
2005-06-01,13.34,13.34,10.78,12.04
2005-07-01,11.75,13.92,9.88,11.57
2005-08-01,11.75,14.41,11.36,12.6
2005-09-01,12.86,14.39,11.07,11.92
2005-10-03,12.37,17.19,11.98,15.32
2005-11-01,14.85,15.66,10.5,12.06
2005-12-01,12.09,12.44,10.15,12.07
2006-01-03,12.25,14.56,10.81,12.95
2006-02-01,12.95,13.73,11.13,12.34
2006-03-01,12.05,13.34,10.53,11.39
2006-04-03,11.47,13.9,11.02,11.59
2006-05-01,11.83,19.87,11.18,16.43999
2006-06-01,16.47,23.81,12.74,13.08
2006-07-03,13.29,19.58,12.77,14.95
2006-08-01,15.49,16.14999,11.57,12.31
2006-09-01,12.14,14.49,10.54,11.98
2006-10-02,12.45,12.91,10.44,11.1
2006-11-01,10.93,12.55,9.81,10.91
2006-12-01,11.07,12.68,8.6,11.56
2007-01-03,12.16,12.83,9.87,10.42
2007-02-01,10.32,19.00999,9.7,15.42
2007-03-01,17.75999,21.25,11.21,14.64
2007-04-02,14.91,15.46,11.46,14.22
2007-05-01,14.1,14.6,12.08,13.05
2007-06-01,12.77,18.98,12.43,16.23
2007-07-02,16.48,24.17,14.67,23.51999
2007-08-01,23.71001,37.5,19.32999,23.37999
2007-09-04,21.92999,28.82001,16.90999,18
2007-10-01,18.44,24.14999,16.07999,18.53
2007-11-01,19.89,31.09,17.37999,22.87
2007-12-03,23.59,24.86,18.28,22.5
2008-01-02,22.58,37.57001,22.10999,26.2
2008-02-01,25.66,29.7,21.64,26.53999
2008-03-03,27.53999,35.60001,22.28999,25.60999
2008-04-01,25.61,25.61,19.20999,20.78999
2008-05-01,20.78,20.95,15.82,17.82999
2008-06-02,17.83,24.56,17.82999,23.95
2008-07-01,25.14,30.81,18.17,22.93999
2008-08-01,22.66,23.86,18.64,20.64999
2008-09-02,20.64999,48.39999,20.46999,39.39
2008-10-01,39.39,96.39999,28.12999,59.89
2008-11-03,60.17,81.48,44.25,55.28
2008-12-01,60.47,68.60001,37.95999,40
2009-01-02,39.58,57.36,33.48,44.84
2009-02-02,49.42,53.16,40.73,46.34999
2009-03-02,49.96001,53.25,38.78999,44.14
2009-04-01,45.42,45.60001,33.67999,36.5
2009-05-01,36.5,36.88,26.56999,28.92
2009-06-01,28.7,32.77,25.01999,26.34999
2009-07-01,25.73,33.05,23,25.92
2009-08-03,25.92,28.39,22.57999,26.00999
2009-09-01,26.00999,29.57001,22.18999,25.60999
2009-10-01,25.98,31.59,20.09999,30.68999
2009-11-02,30.7,31.84,19.76999,24.50999
2009-12-01,24.50999,24.50999,16.25999,21.67999
2010-01-04,21.67999,28.00999,16.85999,24.62
2010-02-01,24.33,29.22,19.31999,19.5
2010-03-01,19.92999,19.94,16.17,17.59
2010-04-01,17.00999,23.2,15.23,22.04999
2010-05-03,22.41,48.2,19.60999,32.06999
2010-06-01,34.87,37.38,22.87,34.53999
2010-07-01,34.41,37.58,21.86,23.5
2010-08-02,23.07001,28.92,21.36,26.05
2010-09-01,25.13,25.13,20.85001,23.7
2010-10-01,22.89999,24.34,17.89999,21.2
2010-11-01,21.64999,23.84,17.75999,23.53999
2010-12-01,21.19,21.42999,15.4,17.75
2011-01-03,17.94,20.08,15.37,19.53
2011-02-01,18.59,23.22,14.86,18.35001
2011-03-01,17.63,31.28,17.07001,17.74001
2011-04-01,16.67999,19.07001,14.27,14.75
2011-05-02,15.07,20.03,15.07,15.45
2011-06-01,15.95,24.64999,15.88,16.52
2011-07-01,16.06,25.94,15.12,25.25
2011-08-01,22.63,48,22.46001,31.62
2011-09-01,31.91,43.87,30.42999,42.96001
2011-10-03,44.25,46.88,24.44,29.96001
2011-11-01,36.03,37.53,27.03,27.8
2011-12-01,27.63,30.91,20.34,23.39999
2012-01-03,22.95,23.73,16.8,19.44
2012-02-01,18.67999,21.98,16.10001,18.42999
2012-03-01,18.02,21.24001,13.66,15.5
2012-04-02,16.35001,21.06,15.02,17.14999
2012-05-01,17.27,25.46001,16.00999,24.06
2012-06-01,25.87,27.73,16.77,17.08
2012-07-02,17.62,21,15.45,18.92999
2012-08-01,18.8,19.25,13.3,17.47
2012-09-04,18.64999,18.96001,13.51,15.73
2012-10-01,16.03,19.64999,13.67,18.60001
2012-11-01,17.77,19.39999,14.77,15.87
2012-12-03,15.81,23.23,15.41,18.02
2013-01-02,15.24,15.93,12.29,14.28
2013-02-01,13.37,19.28,12.08,15.51
2013-03-01,16.10001,16.82001,11.05,12.7
2013-04-01,13.46,18.2,11.99,13.52
2013-05-01,13.88,16.35001,12.26,16.3
2013-06-03,16.39999,21.91,14.96,16.86
2013-07-01,16.89999,17.32001,12.07,13.45
2013-08-01,12.89,17.81,11.83,17.00999
2013-09-03,16.47,17.49,12.52,16.6
2013-10-01,16.31,21.34,12.34,13.75
2013-11-01,13.46,14.14,11.99,13.7
2013-12-02,13.91,16.75,11.69,13.72
2014-01-02,14.32,18.99,11.81,18.41
2014-02-03,18.57,21.48,13.44,14
2014-03-03,16.47,18.22,13.46,13.88
2014-04-01,13.43,17.85,12.6,13.41
2014-05-01,13.64,14.49,11.32,11.4
2014-06-02,11.69,12.89,10.34,11.57
2014-07-01,11.28,17.11,10.28,16.95
2014-08-01,16.67,17.57,11.24,11.98
2014-09-02,12.32,17.08,11.52,16.31
2014-10-01,16.44,31.06,13.72,14.03
2014-11-03,14.41,15.93,11.91,13.33
2014-12-01,14.16,25.2,11.53,19.2
2015-01-02,17.76,23.43,15.52,20.97
2015-02-02,20.89,22.81,12.86,13.34
2015-03-02,13.9,17.19,12.54,15.29
2015-04-01,15.32,16.66,12.12,14.55
2015-05-01,13.98,16.36,11.82,13.84
2015-06-01,13.92,19.8,11.93,18.23
2015-07-01,16.63,20.05,11.71,12.12
2015-08-03,12.85,53.29,10.88,28.43
2015-09-01,31.91,33.82,17.87,24.5
2015-10-01,23.14,25.23,12.8,15.07
2015-11-02,15.41,20.67,13.67,16.13
2015-12-01,15.61,26.81,14.45,18.21
2016-01-04,22.48,32.09,19.25,20.2
2016-02-01,21.32,29.87,18.88,20.55
2016-03-01,19.84,20.17,13.06,13.95
2016-04-01,15.23,17.09,12.5,15.7
2016-05-02,16.33,17.65,13.04,14.19
2016-06-01,14.45,26.72,12.72,15.63
2016-07-01,15.59,17.04,11.4,11.87
2016-08-01,11.89,14.93,11.02,13.42
2016-09-01,13.07,20.51,11.65,13.29
2016-10-03,13.75,17.95,12.21,17.06
2016-11-01,16.54,23.01,12.16,13.33
2016-12-01,13.4,14.72,10.93,14.04
2017-01-03,14.07,14.07,10.3,11.99
2017-02-01,11.79,12.96,9.97,12.92
2017-03-01,12.31,15.11,10.6,12.37
2017-04-03,12.59,16.28,10.22,10.82
2017-05-01,10.92,16.3,9.56,10.41
2017-06-01,10.42,15.16,9.37,11.18
2017-07-03,11.07,13.05,8.84,10.26
2017-08-01,10.19,17.28,9.52,10.59
2017-09-01,10.33,14.06,9.36,9.51
2017-10-02,9.59,13.2,9.11,10.18
2017-11-01,9.79,14.51,8.56,11.28
2017-12-01,11.19,14.58,8.9,11.04
2018-01-02,10.95,15.42,8.92,13.58
2018-02-01,13.05,50.3,12.5,19.85
2018-03-01,19.96,26.22,13.31,19.97
2018-04-02,21.07,25.72,14.57,15.93
2018-05-01,15.78,18.78,10.91,15.43
2018-06-01,14.92,19.61,11.22,16.09
2018-07-02,17.7,18.08,11.44,12.83
2018-08-01,13.09,16.86,10.17,12.86
2018-09-04,13.13,15.63,11.1,12.12
2018-10-01,11.99,28.84,11.34,21.23
2018-11-01,20.96,23.81,16.09,18.07
2018-12-03,16.04,36.2,15.94,25.42
2019-01-02,27.54,28.53,16.54,16.57
2019-02-01,16.63,17.89,13.44,14.78
2019-03-01,14.57,18.33,12.37,13.71
2019-04-01,13.9,14.39,11.03,13.12
2019-05-01,12.86,23.38,12.74,18.71
2019-06-03,19.41,19.75,13.19,15.08
2019-07-01,13.85,16.55,11.69,16.12
2019-08-01,15.41,24.81,13.73,18.98
2019-09-03,20.96,21.15,13.31,16.24
2019-10-01,16.02,21.46,12.19,13.22
2019-11-01,12.99,14.17,11.42,12.62
2019-12-02,12.69,17.99,11.71,13.78
2020-01-02,13.46,19.99,11.75,18.84
2020-02-03,18.64,49.48,13.38,40.11
2020-03-02,34.86,85.47,24.93,53.54
2020-04-01,57.38,60.59,30.54,34.15
2020-05-01,38.17,40.32,25.92,27.51
2020-06-01,28.94,44.44,23.54,30.43
2020-07-01,30.96,33.67,23.55,24.46
2020-08-03,25.75,27.09,20.28,26.41
2020-09-01,25.86,38.28,24.84,26.37
2020-10-01,25.78,41.16,24.03,38.02
2020-11-02,38.57,38.78,19.51,20.57
2020-12-01,20.21,31.46,19.97,22.75
2021-01-04,23.04,37.51,21.09,33.09
2021-02-01,31.45,33.96,19.69,27.95
2021-03-01,25.2,31.9,18.68,19.4
2021-04-01,18.6,19.9,15.38,18.61
2021-05-03,18.65,28.93,15.9,16.77
2021-06-01,17.24,21.82,14.1,15.84
2021-07-01,15.62,25.09,14.25,18.23
2021-08-02,18.16,24.74,15.19,16.49
2021-09-01,16.06,28.79,15.68,23.13
2021-10-01,24.78,24.89,14.84,16.27
2021-11-01,16.85,28.99,14.73,27.2
2021-12-01,24.92,35.32,16.62,17.21
2022-01-03,17.6,38.94,16.34,24.82
2022-02-01,24.57,37.79,19.93,30.14
2022-03-01,29.45,37.52,18.67,20.57
2022-04-01,20.62,34.34,18.45,33.39
2022-05-02,33.35,36.64,24.94,26.18
2022-06-01,26.05,35.05,23.74,28.7
2022-07-01,29.53,29.82,21.21,21.32
2022-08-01,22.41,27.69,19.12,25.86
2022-09-01,26.88,34.88,22.64,31.61
2022-10-03,33,34.53,25.75,25.89
2022-11-01,25.96,26.87,20.31,20.57
2022-12-01,20.83,25.84,18.95,21.66
2023-01-03,23.09,23.76,17.97,19.41
2023-02-01,19.62,23.63,17.06,20.71
2023-03-01,20.39,30.81,18.16,18.69
2023-04-03,19.79,20.08,15.72,15.77
2023-05-01,16.41,21.33,15.53,17.93
2023-06-01,17.24,17.59,12.73,13.59
2023-07-03,13.85,17.08,12.74,13.62
2023-08-01,13.75,18.88,13.44,13.56
2023-09-01,13.56,19.71,12.68,17.51
2023-10-02,17.31,23.08,15.44,18.13
2023-11-01,18.02,18.42,12.45,12.91
2023-12-01,12.94,14.49,11.81,12.44
2024-01-02,13.22,15.4,12.35,14.34
2024-02-01,14.21,17.94,12.69,13.39
2024-03-01,13.34,16.04,12.4,13
2024-04-01,13.61,21.36,13.55,15.64
2024-05-01,15.75,16.22,11.52,12.91
2024-06-03,13.08,14.31,11.87,12.45
2024-07-01,12.98,19.36,10.62,16.37
2024-08-01,16.2,65.73,14.46,15.01
2024-09-03,15.76,23.76,14.9,16.72
2024-10-01,16.96,23.42,16.61,23.15
2024-11-01,22.96,23.09,13.49,13.5
2024-12-02,14.08,28.32,12.7,17.34
2025-01-02,17.21,22.51,14.58,16.42
2025-02-03,20.36,22.4,14.74,19.62
2025-03-03,19.83,29.57,16.97,22.27
2025-04-01,22.06,60.13,20.68,24.69
2025-05-01,23.94,25.62,17.15,18.57
2025-06-02,19.81,22.75,16.11,16.74
2025-07-01,16.98,19.48,14.7,16.71
2025-08-01,17.4,21.9,14.12,15.35
2025-09-01,16.17,19.38,14.33,16.29
2025-10-01,17.28,28.99,15.62,17.43
2025-11-03,18.06,28.27,15.78,16.34
2025-12-01,18.05,18.33,13.38,14.94
2026-01-02,14.85,20.99,14.43,17.43
2026-02-02,19.95,23.1,16.05,19.85
2026-03-02,24.66,35.3,20.28,25.24
2026-04-01,24.3,28,19.91,21.06