日付,利率(%),投标量(億元),中标量(億元)
2026-03-02,1.4,190.0,190.0
2026-02-28,1.4,1160.0,1160.0
2026-02-27,1.4,2690.0,2690.0
2026-02-26,1.4,3205.0,3205.0
2026-02-25,1.4,4095.0,4095.0
2026-02-24,1.4,5260.0,5260.0
2026-02-14,1.4,380.0,380.0
2026-02-13,1.4,1450.0,1450.0
2026-02-12,1.4,1665.0,1665.0
2026-02-11,1.4,785.0,785.0
2026-02-10,1.4,3114.0,3114.0
2026-02-09,1.4,1130.0,1130.0
2026-02-06,1.4,315.0,315.0
2026-02-05,1.4,1185.0,1185.0
2026-02-04,1.4,750.0,750.0
2026-02-03,1.4,1055.0,1055.0
2026-02-02,1.4,750.0,750.0
2026-01-30,1.4,4775.0,4775.0
2026-01-29,1.4,3540.0,3540.0
2026-01-28,1.4,3775.0,3775.0
2026-01-27,1.4,4020.0,4020.0
2026-01-26,1.4,1505.0,1505.0
2026-01-23,1.4,1250.0,1250.0
2026-01-22,1.4,2102.0,2102.0
2026-01-21,1.4,3635.0,3635.0
2026-01-20,1.4,3240.0,3240.0
2026-01-19,1.4,1583.0,1583.0
2026-01-16,1.4,867.0,867.0
2026-01-15,1.4,1793.0,1793.0
2026-01-14,1.4,2408.0,2408.0
2026-01-13,1.4,3586.0,3586.0
2026-01-12,1.4,861.0,861.0
2026-01-09,1.4,340.0,340.0
2026-01-08,1.4,99.0,99.0
2026-01-07,1.4,286.0,286.0
2026-01-06,1.4,162.0,162.0
2026-01-05,1.4,135.0,135.0
2026-01-04,1.4,365.0,365.0
2025-12-31,1.4,5288.0,5288.0
2025-12-30,1.4,3125.0,3125.0
2025-12-29,1.4,4823.0,4823.0
2025-12-26,1.4,930.0,930.0
2025-12-25,1.4,1771.0,1771.0
2025-12-24,1.4,260.0,260.0
2025-12-23,1.4,593.0,593.0
2025-12-22,1.4,673.0,673.0
2025-12-19,1.4,562.0,562.0
2025-12-18,1.4,883.0,883.0
2025-12-17,1.4,468.0,468.0
2025-12-16,1.4,1353.0,1353.0
2025-12-15,1.4,1309.0,1309.0
2025-12-12,1.4,1205.0,1205.0
2025-12-11,1.4,1186.0,1186.0
2025-12-10,1.4,1898.0,1898.0
2025-12-09,1.4,1173.0,1173.0
2025-12-08,1.4,1223.0,1223.0
2025-12-05,1.4,1398.0,1398.0
2025-12-04,1.4,1808.0,1808.0
2025-12-03,1.4,793.0,793.0
2025-12-02,1.4,1563.0,1563.0
2025-12-01,1.4,1076.0,1076.0
2025-11-28,1.4,3013.0,3013.0
2025-11-27,1.4,3564.0,3564.0
2025-11-26,1.4,2133.0,2133.0
2025-11-25,1.4,3021.0,3021.0
2025-11-24,1.4,3387.0,3387.0
2025-11-21,1.4,3750.0,3750.0
2025-11-20,1.4,3000.0,3000.0
2025-11-19,1.4,3105.0,3105.0
2025-11-18,1.4,4075.0,4075.0
2025-11-17,1.4,2830.0,2830.0
2025-11-14,1.4,2128.0,2128.0
2025-11-13,1.4,1900.0,1900.0
2025-11-12,1.4,1955.0,1955.0
2025-11-11,1.4,4038.0,4038.0
2025-11-10,1.4,1199.0,1199.0
2025-11-07,1.4,1417.0,1417.0
2025-11-06,1.4,928.0,928.0
2025-11-05,1.4,655.0,655.0
2025-11-04,1.4,1175.0,1175.0
2025-11-03,1.4,783.0,783.0
2025-10-31,1.4,3551.0,3551.0
2025-10-30,1.4,3426.0,3426.0
2025-10-29,1.4,5577.0,5577.0
2025-10-28,1.4,4753.0,4753.0
2025-10-27,1.4,3373.0,3373.0
2025-10-24,1.4,1680.0,1680.0
2025-10-23,1.4,2125.0,2125.0
2025-10-22,1.4,1382.0,1382.0
2025-10-21,1.4,1595.0,1595.0
2025-10-20,1.4,1890.0,1890.0
2025-10-17,1.4,1648.0,1648.0
2025-10-16,1.4,2360.0,2360.0
2025-10-15,1.4,435.0,435.0
2025-10-14,1.4,910.0,910.0
2025-10-13,1.4,1378.0,1378.0
2025-10-11,1.4,1160.0,1160.0
2025-10-10,1.4,4090.0,4090.0
2025-10-09,1.4,6120.0,6120.0
2025-09-30,1.4,2422.0,2422.0
2025-09-29,1.4,2886.0,2886.0
2025-09-28,1.4,1817.0,1817.0
2025-09-26,1.4,1658.0,1658.0
2025-09-25,1.4,4835.0,4835.0
2025-09-24,1.4,4015.0,4015.0
2025-09-23,1.4,2761.0,2761.0
2025-09-22,1.4,2405.0,2405.0
2025-09-19,1.4,3543.0,3543.0
2025-09-18,1.4,4870.0,4870.0
2025-09-17,1.4,4185.0,4185.0
2025-09-16,1.4,2870.0,2870.0
2025-09-15,1.4,2800.0,2800.0
2025-09-12,1.4,2300.0,2300.0
2025-09-11,1.4,2920.0,2920.0
2025-09-10,1.4,3040.0,3040.0
2025-09-09,1.4,2470.0,2470.0
2025-09-08,1.4,1915.0,1915.0
2025-09-05,1.4,1883.0,1883.0
2025-09-04,1.4,2126.0,2126.0
2025-09-03,1.4,2291.0,2291.0
2025-09-02,1.4,2557.0,2557.0
2025-09-01,1.4,1827.0,1827.0
2025-08-29,1.4,7829.0,7829.0
2025-08-28,1.4,4161.0,4161.0
2025-08-27,1.4,3799.0,3799.0
2025-08-26,1.4,4058.0,4058.0
2025-08-25,1.4,2884.0,2884.0
2025-08-22,1.4,3612.0,3612.0
2025-08-21,1.4,2530.0,2530.0
2025-08-20,1.4,6160.0,6160.0
2025-08-19,1.4,5803.0,5803.0
2025-08-18,1.4,2665.0,2665.0
2025-08-15,1.4,2380.0,2380.0
2025-08-14,1.4,1287.0,1287.0
2025-08-13,1.4,1185.0,1185.0
2025-08-12,1.4,1146.0,1146.0
2025-08-11,1.4,1120.0,1120.0
2025-08-08,1.4,1220.0,1220.0
2025-08-07,1.4,1607.0,1607.0
2025-08-06,1.4,1385.0,1385.0
2025-08-05,1.4,1607.0,1607.0
2025-08-04,1.4,5448.0,5448.0
2025-08-01,1.4,1260.0,1260.0
2025-07-31,1.4,2832.0,2832.0
2025-07-30,1.4,3090.0,3090.0
2025-07-29,1.4,4492.0,4492.0
2025-07-28,1.4,4958.0,4958.0
2025-07-25,1.4,7893.0,7893.0
2025-07-24,1.4,3310.0,3310.0
2025-07-23,1.4,1505.0,1505.0
2025-07-22,1.4,2148.0,2148.0
2025-07-21,1.4,1707.0,1707.0
2025-07-18,1.4,1875.0,1875.0
2025-07-17,1.4,4505.0,4505.0
2025-07-16,1.4,5201.0,5201.0
2025-07-15,1.4,3425.0,3425.0
2025-07-14,1.4,2262.0,2262.0
2025-07-11,1.4,847.0,847.0
2025-07-10,1.4,900.0,900.0
2025-07-09,1.4,755.0,755.0
2025-07-08,1.4,690.0,690.0
2025-07-07,1.4,1065.0,1065.0
2025-07-04,1.4,340.0,340.0
2025-07-03,1.4,572.0,572.0
2025-07-02,1.4,985.0,985.0
2025-07-01,1.4,1310.0,1310.0
2025-06-30,1.4,3315.0,3315.0
2025-06-27,1.4,5259.0,5259.0
2025-06-26,1.4,5093.0,5093.0
2025-06-25,1.4,3653.0,3653.0
2025-06-24,1.4,4065.0,4065.0
2025-06-23,1.4,2205.0,2205.0
2025-06-20,1.4,1612.0,1612.0
2025-06-19,1.4,2035.0,2035.0
2025-06-18,1.4,1563.0,1563.0
2025-06-17,1.4,1973.0,1973.0
2025-06-16,1.4,2420.0,2420.0
2025-06-13,1.4,2025.0,2025.0
2025-06-12,1.4,1193.0,1193.0
2025-06-11,1.4,1640.0,1640.0
2025-06-10,1.4,1986.0,1986.0
2025-06-09,1.4,1738.0,1738.0
2025-06-06,1.4,1350.0,1350.0
2025-06-05,1.4,1265.0,1265.0
2025-06-04,1.4,2149.0,2149.0
2025-06-03,1.4,4545.0,4545.0
2025-05-30,1.4,2911.0,2911.0
2025-05-29,1.4,2660.0,2660.0
2025-05-28,1.4,2155.0,2155.0
2025-05-27,1.4,4480.0,4480.0
2025-05-26,1.4,3820.0,3820.0
2025-05-23,1.4,1425.0,1425.0
2025-05-22,1.4,1545.0,1545.0
2025-05-21,1.4,1570.0,1570.0
2025-05-20,1.4,3570.0,3570.0
2025-05-19,1.4,1350.0,1350.0
2025-05-16,1.4,1065.0,1065.0
2025-05-15,1.4,645.0,645.0
2025-05-14,1.4,920.0,920.0
2025-05-13,1.4,1800.0,1800.0
2025-05-12,1.4,430.0,430.0
2025-05-09,1.4,770.0,770.0
2025-05-08,1.4,1586.0,1586.0
2025-05-07,1.5,1955.0,1955.0
2025-05-06,1.5,4050.0,4050.0
2025-04-30,1.5,5308.0,5308.0
2025-04-29,1.5,3405.0,3405.0
2025-04-28,1.5,2790.0,2790.0
2025-04-27,1.5,900.0,900.0
2025-04-25,1.5,1595.0,1595.0
2025-04-24,1.5,2180.0,2180.0
2025-04-23,1.5,1080.0,1080.0
2025-04-22,1.5,2205.0,2205.0
2025-04-21,1.5,1760.0,1760.0
2025-04-18,1.5,2505.0,2505.0
2025-04-17,1.5,2455.0,2455.0
2025-04-16,1.5,1045.0,1045.0
2025-04-15,1.5,1645.0,1645.0
2025-04-14,1.5,430.0,430.0
2025-04-11,1.5,285.0,285.0
2025-04-10,1.5,659.0,659.0
2025-04-09,1.5,1189.0,1189.0
2025-04-08,1.5,1674.0,1674.0
2025-04-07,1.5,935.0,935.0
2025-04-03,1.5,2234.0,2234.0
2025-04-02,1.5,2299.0,2299.0
2025-04-01,1.5,649.0,649.0
2025-03-31,1.5,1667.0,1667.0
2025-03-28,1.5,785.0,785.0
2025-03-27,1.5,2185.0,2185.0
2025-03-26,1.5,4554.0,4554.0
2025-03-25,1.5,3779.0,3779.0
2025-03-24,1.5,1350.0,1350.0
2025-03-21,1.5,930.0,930.0
2025-03-20,1.5,2685.0,2685.0
2025-03-19,1.5,2959.0,2959.0
2025-03-18,1.5,2733.0,2733.0
2025-03-17,1.5,4810.0,4810.0
2025-03-14,1.5,1807.0,1807.0
2025-03-13,1.5,359.0,359.0
2025-03-12,1.5,1754.0,1754.0
2025-03-11,1.5,377.0,377.0
2025-03-10,1.5,965.0,965.0
2025-03-07,1.5,1850.0,1850.0
2025-03-06,1.5,1045.0,1045.0
2025-03-05,1.5,3532.0,3532.0
2025-03-04,1.5,382.0,382.0
2025-03-03,1.5,970.0,970.0
2025-02-28,1.5,2845.0,2845.0
2025-02-27,1.5,2150.0,2150.0
2025-02-26,1.5,5487.0,5487.0
2025-02-25,1.5,3185.0,3185.0
2025-02-24,1.5,2925.0,2925.0
2025-02-21,1.5,1825.0,1825.0
2025-02-20,1.5,1250.0,1250.0
2025-02-19,1.5,5389.0,5389.0
2025-02-18,1.5,4892.0,4892.0
2025-02-17,1.5,1905.0,1905.0
2025-02-14,1.5,985.0,985.0
2025-02-13,1.5,1258.0,1258.0
2025-02-12,1.5,5580.0,5580.0
2025-02-11,1.5,330.0,330.0
2025-02-10,1.5,2150.0,2150.0
2025-02-08,1.5,140.0,140.0
2025-02-07,1.5,1837.0,1837.0
2025-02-06,1.5,2755.0,2755.0
2025-02-05,1.5,6970.0,6970.0
2025-01-27,1.65,2980.0,2980.0
2025-01-26,1.65,1510.0,1510.0
2025-01-24,1.65,2840.0,2840.0
2025-01-23,1.65,4800.0,4800.0
2025-01-22,1.65,11575.0,11575.0
2025-01-21,1.65,2560.0,2560.0
2025-01-20,1.5,1230.0,1230.0
2025-01-17,1.5,1050.0,1050.0
2025-01-16,1.5,3405.0,3405.0
2025-01-15,1.5,9595.0,9595.0
2025-01-14,1.5,550.0,550.0
2025-01-13,1.5,248.0,248.0
2025-01-10,1.5,45.0,45.0
2025-01-09,1.5,41.0,41.0
2025-01-08,1.5,11.0,11.0
2025-01-07,1.5,71.0,71.0
2025-01-06,1.5,141.0,141.0
2025-01-03,1.5,193.0,193.0
2025-01-02,1.5,248.0,248.0
2024-12-31,1.5,1577.0,1577.0
2024-12-30,1.5,891.0,891.0
2024-12-27,1.5,1078.0,1078.0
2024-12-26,1.5,1063.0,1063.0
2024-12-25,1.5,1923.0,1923.0
2024-12-24,1.5,641.0,641.0
2024-12-23,1.5,1096.0,1096.0
2024-12-20,1.5,1016.0,1016.0
2024-12-19,1.5,806.0,806.0
2024-12-18,1.5,3876.0,3876.0
2024-12-17,1.5,3554.0,3554.0
2024-12-16,1.5,7531.0,7531.0
2024-12-13,1.5,2051.0,2051.0
2024-12-12,1.5,661.0,661.0
2024-12-11,1.5,786.0,786.0
2024-12-10,1.5,1416.0,1416.0
2024-12-09,1.5,471.0,471.0
2024-12-06,1.5,1909.0,1909.0
2024-12-05,1.5,373.0,373.0
2024-12-04,1.5,413.0,413.0
2024-12-03,1.5,513.0,513.0
2024-12-02,1.5,333.0,333.0
2024-11-29,1.5,4790.0,4790.0
2024-11-28,1.5,1903.0,1903.0
2024-11-27,1.5,2683.0,2683.0
2024-11-26,1.5,2993.0,2993.0
2024-11-25,1.5,2493.0,2493.0
2024-11-22,1.5,6351.0,6351.0
2024-11-21,1.5,4701.0,4701.0
2024-11-20,1.5,3021.0,3021.0
2024-11-19,1.5,2883.0,2883.0
2024-11-18,1.5,1726.0,1726.0
2024-11-15,1.5,9810.0,9810.0
2024-11-14,1.5,3282.0,3282.0
2024-11-13,1.5,2330.0,2330.0
2024-11-12,1.5,1255.0,1255.0
2024-11-11,1.5,1337.0,1337.0
2024-11-08,1.5,122.0,122.0
2024-11-07,1.5,192.0,192.0
2024-11-06,1.5,173.0,173.0
2024-11-05,1.5,183.0,183.0
2024-11-04,1.5,173.0,173.0
2024-11-01,1.5,171.0,171.0
2024-10-31,1.5,3276.0,3276.0
2024-10-30,1.5,4310.0,4310.0
2024-10-29,1.5,3828.0,3828.0
2024-10-28,1.5,2416.0,2416.0
2024-10-25,1.5,2926.0,2926.0
2024-10-24,1.5,7989.0,7989.0
2024-10-23,1.5,7927.0,7927.0
2024-10-22,1.5,1584.0,1584.0
2024-10-21,1.5,2089.0,2089.0
2024-10-18,1.5,1084.0,1084.0
2024-10-17,1.5,1326.0,1326.0
2024-10-16,1.5,6424.0,6424.0
2024-10-15,1.5,683.0,683.0
2024-10-14,1.5,195.0,195.0
2024-10-12,1.5,232.0,232.0
2024-10-11,1.5,942.0,942.0
2024-10-10,1.5,1500.0,1500.0
2024-10-09,1.5,610.0,610.0
2024-10-08,1.5,417.0,417.0
2024-09-30,1.5,2121.0,2121.0
2024-09-29,1.5,1820.0,1820.0
2024-09-27,1.65,2780.0,2780.0
2024-09-26,1.85,2920.0,2920.0
2024-09-25,1.85,1965.0,1965.0
2024-09-24,1.85,4600.0,4600.0
2024-09-23,1.7,1601.0,1601.0
2024-09-20,1.7,5719.0,5719.0
2024-09-19,1.7,5236.0,5236.0
2024-09-18,1.7,5682.0,5682.0
2024-09-14,1.7,1387.0,1387.0
2024-09-13,1.7,2362.0,2362.0
2024-09-12,1.7,1608.0,1608.0
2024-09-11,1.7,2100.0,2100.0
2024-09-10,1.7,1860.0,1860.0
2024-09-09,1.7,915.0,915.0
2024-09-06,1.7,1415.0,1415.0
2024-09-05,1.7,633.0,633.0
2024-09-04,1.7,7.0,7.0
2024-09-03,1.7,12.0,12.0
2024-09-02,1.7,35.0,35.0
2024-08-30,1.7,301.0,301.0
2024-08-29,1.7,1509.0,1509.0
2024-08-28,1.7,2773.0,2773.0
2024-08-27,1.7,4725.0,4725.0
2024-08-26,1.7,4710.0,4710.0
2024-08-23,1.7,3793.0,3793.0
2024-08-22,1.7,3593.0,3593.0
2024-08-21,1.7,2580.0,2580.0
2024-08-20,1.7,1491.0,1491.0
2024-08-19,1.7,521.0,521.0
2024-08-16,1.7,1378.0,1378.0
2024-08-15,1.7,5777.0,5777.0
2024-08-14,1.7,3692.0,3692.0
2024-08-13,1.7,3857.0,3857.0
2024-08-12,1.7,745.0,745.0
2024-08-09,1.7,129.0,129.0
2024-08-08,1.7,71.0,71.0
2024-08-06,1.7,6.2,6.2
2024-08-05,1.7,6.7,6.7
2024-08-02,1.7,11.7,11.7
2024-08-01,1.7,103.7,103.7
2024-07-31,1.7,2516.7,2516.7
2024-07-30,1.7,2162.7,2162.7
2024-07-29,1.7,3015.7,3015.7
2024-07-26,1.7,3580.5,3580.5
2024-07-25,1.7,2351.0,2351.0
2024-07-24,1.7,661.0,661.0
2024-07-23,1.7,2673.0,2673.0
2024-07-22,1.7,582.0,582.0
2024-07-19,1.8,,590.0
2024-07-18,1.8,,490.0
2024-07-17,1.8,,2700.0
2024-07-16,1.8,,6760.0
2024-07-15,1.8,,1290.0
2024-07-12,1.8,,20.0
2024-07-11,1.8,,20.0
2024-07-10,1.8,,20.0
2024-07-09,1.8,,20.0
2024-07-08,1.8,,20.0
2024-07-05,1.8,,20.0
2024-07-04,1.8,,20.0
2024-07-03,1.8,,20.0
2024-07-02,1.8,,20.0
2024-07-01,1.8,,20.0
2024-06-28,1.8,,500.0
2024-06-27,1.8,,1000.0
2024-06-26,1.8,,2500.0
2024-06-25,1.8,,3000.0
2024-06-24,1.8,,500.0
2024-06-21,1.8,,100.0
2024-06-20,1.8,,200.0
2024-06-19,1.8,,2780.0
2024-06-18,1.8,,860.0
2024-06-17,1.8,,40.0
2024-06-14,1.8,,20.0
2024-06-13,1.8,,20.0
2024-06-12,1.8,,20.0
2024-06-11,1.8,,20.0
2024-06-07,1.8,,20.0
2024-06-06,1.8,,20.0
2024-06-05,1.8,,20.0
2024-06-04,1.8,,20.0
2024-06-03,1.8,,20.0
2024-05-31,1.8,,1000.0
2024-05-30,1.8,,2600.0
2024-05-29,1.8,,2500.0
2024-05-28,1.8,,20.0
2024-05-27,1.8,,20.0
2024-05-24,1.8,,20.0
2024-05-23,1.8,,20.0
2024-05-22,1.8,,20.0
2024-05-21,1.8,,20.0
2024-05-20,1.8,,20.0
2024-05-17,1.8,,20.0
2024-05-16,1.8,,20.0
2024-05-15,1.8,,20.0
2024-05-14,1.8,,20.0
2024-05-13,1.8,,20.0
2024-05-11,1.8,,20.0
2024-05-10,1.8,,20.0
2024-05-09,1.8,,20.0
2024-05-08,1.8,,20.0
2024-05-07,1.8,,20.0
2024-05-06,1.8,,20.0
2024-04-30,1.8,,4400.0
2024-04-29,1.8,,20.0
2024-04-28,1.8,,20.0
2024-04-26,1.8,,20.0
2024-04-25,1.8,,20.0
2024-04-24,1.8,,20.0
2024-04-23,1.8,,20.0
2024-04-22,1.8,,20.0
2024-04-19,1.8,,20.0
2024-04-18,1.8,,20.0
2024-04-17,1.8,,20.0
2024-04-16,1.8,,20.0
2024-04-15,1.8,,20.0
2024-04-12,1.8,,20.0
2024-04-11,1.8,,20.0
2024-04-10,1.8,,20.0
2024-04-09,1.8,,20.0
2024-04-08,1.8,,20.0
2024-04-07,1.8,,20.0
2024-04-03,1.8,,20.0
2024-04-02,1.8,,20.0
2024-04-01,1.8,,20.0
2024-03-29,1.8,,1500.0
2024-03-28,1.8,,2500.0
2024-03-27,1.8,,2500.0
2024-03-26,1.8,,1500.0
2024-03-25,1.8,,500.0
2024-03-22,1.8,,20.0
2024-03-21,1.8,,20.0
2024-03-20,1.8,,30.0
2024-03-19,1.8,,50.0
2024-03-18,1.8,,100.0
2024-03-15,1.8,,130.0
2024-03-14,1.8,,30.0
2024-03-13,1.8,,30.0
2024-03-12,1.8,,100.0
2024-03-11,1.8,,100.0
2024-03-08,1.8,,100.0
2024-03-07,1.8,,100.0
2024-03-06,1.8,,100.0
2024-03-05,1.8,,100.0
2024-03-04,1.8,,100.0
2024-03-01,1.8,,100.0
2024-02-29,1.8,,1170.0
2024-02-28,1.8,,3240.0
2024-02-27,1.8,,3840.0
2024-02-26,1.8,,3290.0
2024-02-23,1.8,,2470.0
2024-02-22,1.8,,580.0
2024-02-21,1.8,,490.0
2024-02-20,1.8,,410.0
2024-02-19,1.8,,320.0
2024-02-18,1.8,,1050.0
2024-02-09,1.8,,440.0
2024-02-08,1.8,,900.0
2024-02-07,1.95,,3960.0
2024-02-06,1.95,,3390.0
2024-02-05,1.95,,1000.0
2024-02-04,1.95,,430.0
2024-02-02,1.8,,830.0
2024-02-01,1.8,,430.0
2024-01-31,1.8,,5440.0
2024-01-30,1.8,,5630.0
2024-01-29,1.8,,5000.0
2024-01-26,1.8,,4610.0
2024-01-25,1.8,,4660.0
2024-01-24,1.8,,4630.0
2024-01-23,1.8,,4650.0
2024-01-22,1.8,,1220.0
2024-01-19,1.8,,710.0
2024-01-18,1.8,,1000.0
2024-01-17,1.8,,5470.0
2024-01-16,1.8,,7600.0
2024-01-15,1.8,,890.0
2024-01-12,1.8,,650.0
2024-01-11,1.8,,270.0
2024-01-10,1.8,,200.0
2024-01-09,1.8,,650.0
2024-01-08,1.8,,500.0
2024-01-05,1.8,,750.0
2024-01-04,1.8,,150.0
2024-01-03,1.8,,140.0
2024-01-02,1.8,,1370.0
2023-12-29,1.8,,1950.0
2023-12-28,1.8,,3740.0
2023-12-27,1.8,,4210.0
2023-12-26,1.8,,3830.0
2023-12-25,1.8,,3810.0
2023-12-22,1.8,,400.0
2023-12-21,1.8,,1950.0
2023-12-20,1.8,,1340.0
2023-12-19,1.8,,1190.0
2023-12-18,1.8,,1840.0
2023-12-15,1.8,,500.0
2023-12-14,1.8,,2620.0
2023-12-13,1.8,,2650.0
2023-12-12,1.8,,4140.0
2023-12-11,1.8,,2850.0
2023-12-08,1.8,,1970.0
2023-12-07,1.8,,3630.0
2023-12-06,1.8,,2400.0
2023-12-05,1.8,,2100.0
2023-12-04,1.8,,670.0
2023-12-01,1.8,,1190.0
2023-11-30,1.8,,6630.0
2023-11-29,1.8,,4380.0
2023-11-28,1.8,,4150.0
2023-11-27,1.8,,5010.0
2023-11-24,1.8,,6640.0
2023-11-23,1.8,,5190.0
2023-11-22,1.8,,4600.0
2023-11-21,1.8,,3190.0
2023-11-20,1.8,,2050.0
2023-11-17,1.8,,3520.0
2023-11-16,1.8,,3770.0
2023-11-15,1.8,,4950.0
2023-11-14,1.8,,4240.0
2023-11-13,1.8,,1130.0
2023-11-10,1.8,,2030.0
2023-11-09,1.8,,2020.0
2023-11-08,1.8,,4740.0
2023-11-07,1.8,,3530.0
2023-11-06,1.8,,180.0
2023-11-03,1.8,,430.0
2023-11-02,1.8,,1940.0
2023-11-01,1.8,,3910.0
2023-10-31,1.8,,6120.0
2023-10-30,1.8,,6580.0
2023-10-27,1.8,,4990.0
2023-10-26,1.8,,4240.0
2023-10-25,1.8,,5000.0
2023-10-24,1.8,,5930.0
2023-10-23,1.8,,8080.0
2023-10-20,1.8,,8280.0
2023-10-19,1.8,,3440.0
2023-10-18,1.8,,1050.0
2023-10-17,1.8,,710.0
2023-10-16,1.8,,1060.0
2023-10-13,1.8,,950.0
2023-10-12,1.8,,1620.0
2023-10-11,1.8,,1020.0
2023-10-10,1.8,,670.0
2023-10-09,1.8,,200.0
2023-10-08,1.8,,200.0
2023-10-07,1.8,,2000.0
2023-09-28,1.8,,1010.0
2023-09-27,1.8,,2000.0
2023-09-26,1.95,,3780.0
2023-09-25,1.95,,3190.0
2023-09-22,1.95,,2020.0
2023-09-21,1.8,,1690.0
2023-09-20,1.8,,2050.0
2023-09-19,1.8,,2080.0
2023-09-18,1.8,,1840.0
2023-09-15,1.8,,1050.0
2023-09-14,1.8,,1100.0
2023-09-13,1.8,,650.0
2023-09-12,1.8,,2090.0
2023-09-11,1.8,,2150.0
2023-09-08,1.8,,3630.0
2023-09-07,1.8,,3300.0
2023-09-06,1.8,,260.0
2023-09-05,1.8,,140.0
2023-09-04,1.8,,120.0
2023-09-01,1.8,,1010.0
2023-08-31,1.8,,2090.0
2023-08-30,1.8,,3820.0
2023-08-29,1.8,,3850.0
2023-08-28,1.8,,3320.0
2023-08-25,1.8,,2210.0
2023-08-24,1.8,,610.0
2023-08-23,1.8,,3010.0
2023-08-22,1.8,,1110.0
2023-08-21,1.8,,340.0
2023-08-18,1.8,,980.0
2023-08-17,1.8,,1680.0
2023-08-16,1.8,,2990.0
2023-08-15,1.8,,2040.0
2023-08-14,1.9,,60.0
2023-08-11,1.9,,20.0
2023-08-10,1.9,,50.0
2023-08-09,1.9,,20.0
2023-08-08,1.9,,60.0
2023-08-07,1.9,,30.0
2023-08-04,1.9,,20.0
2023-08-03,1.9,,30.0
2023-08-02,1.9,,90.0
2023-08-01,1.9,,80.0
2023-07-31,1.9,,310.0
2023-07-28,1.9,,650.0
2023-07-27,1.9,,1140.0
2023-07-26,1.9,,1040.0
2023-07-25,1.9,,440.0
2023-07-24,1.9,,140.0
2023-07-21,1.9,,130.0
2023-07-20,1.9,,260.0
2023-07-19,1.9,,250.0
2023-07-18,1.9,,150.0
2023-07-17,2.65,1030.0,1030.0
2023-07-14,1.9,,200.0
2023-07-13,1.9,,50.0
2023-07-12,1.9,,20.0
2023-07-11,1.9,,20.0
2023-07-10,1.9,,20.0
2023-07-07,1.9,,20.0
2023-07-06,1.9,,20.0
2023-07-05,1.9,,20.0
2023-07-04,1.9,,20.0
2023-07-03,1.9,,50.0
2023-06-30,1.9,,1030.0
2023-06-29,1.9,,1930.0
2023-06-28,1.9,,2140.0
2023-06-27,1.9,,2190.0
2023-06-26,1.9,,2440.0
2023-06-25,1.9,,1960.0
2023-06-21,1.9,,1450.0
2023-06-20,1.9,,1820.0
2023-06-19,1.9,,890.0
2023-06-16,1.9,,420.0
2023-06-15,2.65,2370.0,2370.0
2023-06-14,1.9,,20.0
2023-06-13,1.9,,20.0
2023-06-12,2.0,,20.0
2023-06-09,2.0,,20.0
2023-06-08,2.0,,20.0
2023-06-07,2.0,,20.0
2023-06-06,2.0,,20.0
2023-06-05,2.0,,20.0
2023-06-02,2.0,,20.0
2023-06-01,2.0,,20.0
2023-05-31,2.0,,130.0
2023-05-30,2.0,,370.0
2023-05-29,2.0,,250.0
2023-05-26,2.0,,50.0
2023-05-25,2.0,,70.0
2023-05-24,2.0,,20.0
2023-05-23,2.0,,20.0
2023-05-22,2.0,,20.0
2023-05-19,2.0,,20.0
2023-05-18,2.0,,20.0
2023-05-17,2.0,,20.0
2023-05-16,2.0,,20.0
2023-05-15,2.75,1250.0,1250.0
2023-05-12,2.0,,20.0
2023-05-11,2.0,,20.0
2023-05-10,2.0,,20.0
2023-05-09,2.0,,20.0
2023-05-08,2.0,,20.0
2023-05-06,2.0,,20.0
2023-05-05,2.0,,30.0
2023-05-04,2.0,,330.0
2023-04-28,2.0,,1650.0
2023-04-27,2.0,,930.0
2023-04-26,2.0,,950.0
2023-04-25,2.0,,1700.0
2023-04-24,2.0,,1150.0
2023-04-23,2.0,,890.0
2023-04-21,2.0,,880.0
2023-04-20,2.0,,340.0
2023-04-19,2.0,,320.0
2023-04-18,2.0,,380.0
2023-04-17,2.75,1700.0,1700.0
2023-04-14,2.0,,150.0
2023-04-13,2.0,,90.0
2023-04-12,2.0,,70.0
2023-04-11,2.0,,50.0
2023-04-10,2.0,,180.0
2023-04-07,2.0,,170.0
2023-04-06,2.0,,80.0
2023-04-04,2.0,,20.0
2023-04-03,2.0,,20.0
2023-03-31,2.0,,1890.0
2023-03-30,2.0,,2390.0
2023-03-29,2.0,,2000.0
2023-03-28,2.0,,2780.0
2023-03-27,2.0,,2550.0
2023-03-24,2.0,,70.0
2023-03-23,2.0,,640.0
2023-03-22,2.0,,670.0
2023-03-21,2.0,,1820.0
2023-03-20,2.0,,300.0
2023-03-17,2.0,,1800.0
2023-03-16,2.0,,1090.0
2023-03-15,2.75,4810.0,4810.0
2023-03-14,2.0,,290.0
2023-03-13,2.0,,410.0
2023-03-10,2.0,,150.0
2023-03-09,2.0,,30.0
2023-03-08,2.0,,40.0
2023-03-07,2.0,,30.0
2023-03-06,2.0,,70.0
2023-03-03,2.0,,180.0
2023-03-02,2.0,,730.0
2023-03-01,2.0,,1070.0
2023-02-28,2.0,,4810.0
2023-02-27,2.0,,3360.0
2023-02-24,2.0,,4700.0
2023-02-23,2.0,,3000.0
2023-02-22,2.0,,3000.0
2023-02-21,2.0,,1500.0
2023-02-20,2.0,,2700.0
2023-02-17,2.0,,8350.0
2023-02-16,2.0,,4870.0
2023-02-15,2.75,4990.0,4990.0
2023-02-14,2.0,,910.0
2023-02-13,2.0,,460.0
2023-02-10,2.0,,2030.0
2023-02-09,2.0,,4530.0
2023-02-08,2.0,,6410.0
2023-02-07,2.0,,3930.0
2023-02-06,2.0,,1500.0
2023-02-03,2.0,,230.0
2023-02-02,2.0,,660.0
2023-02-01,2.0,,1550.0
2023-01-31,2.0,,4710.0
2023-01-30,2.0,,1730.0
2023-01-29,2.0,,1280.0
2023-01-28,2.0,,2220.0
2023-01-20,2.0,,620.0
2023-01-19,2.0,,650.0
2023-01-18,2.0,,1330.0
2023-01-17,2.0,,2050.0
2023-01-16,2.75,7790.0,7790.0
2023-01-13,2.0,,550.0
2023-01-12,2.0,,650.0
2023-01-11,2.0,,650.0
2023-01-10,2.0,,20.0
2023-01-09,2.0,,20.0
2023-01-06,2.0,,20.0
2023-01-05,2.0,,20.0
2023-01-04,2.0,,30.0
2023-01-03,2.0,,500.0
2022-12-30,2.0,,1830.0
2022-12-29,2.0,,2050.0
2022-12-28,2.0,,1890.0
2022-12-27,2.0,,1940.0
2022-12-26,2.0,,1730.0
2022-12-23,2.0,,20.0
2022-12-22,2.0,,40.0
2022-12-21,2.0,,190.0
2022-12-20,2.0,,50.0
2022-12-19,2.0,,90.0
2022-12-16,2.0,,410.0
2022-12-15,2.75,6500.0,6500.0
2022-12-14,2.0,,20.0
2022-12-13,2.0,,20.0
2022-12-12,2.0,,20.0
2022-12-09,2.0,,20.0
2022-12-08,2.0,,20.0
2022-12-07,2.0,,20.0
2022-12-06,2.0,,20.0
2022-12-05,2.0,,20.0
2022-12-02,2.0,,20.0
2022-12-01,2.0,,100.0
2022-11-30,2.0,,1700.0
2022-11-29,2.0,,800.0
2022-11-28,2.0,,550.0
2022-11-25,2.0,,80.0
2022-11-24,2.0,,80.0
2022-11-23,2.0,,20.0
2022-11-22,2.0,,20.0
2022-11-21,2.0,,30.0
2022-11-18,2.0,,210.0
2022-11-17,2.0,,1320.0
2022-11-16,2.0,,710.0
2022-11-15,2.75,8500.0,8500.0
2022-11-14,2.0,,50.0
2022-11-11,2.0,,120.0
2022-11-10,2.0,,90.0
2022-11-09,2.0,,80.0
2022-11-08,2.0,,20.0
2022-11-07,2.0,,20.0
2022-11-04,2.0,,30.0
2022-11-03,2.0,,70.0
2022-11-02,2.0,,180.0
2022-11-01,2.0,,150.0
2022-10-31,2.0,,700.0
2022-10-28,2.0,,900.0
2022-10-27,2.0,,2400.0
2022-10-26,2.0,,2800.0
2022-10-25,2.0,,2300.0
2022-10-24,2.0,,100.0
2022-10-21,2.0,,20.0
2022-10-20,2.0,,20.0
2022-10-19,2.0,,20.0
2022-10-18,2.0,,20.0
2022-10-17,2.75,5000.0,5000.0
2022-10-14,2.0,,20.0
2022-10-13,2.0,,20.0
2022-10-12,2.0,,20.0
2022-10-11,2.0,,20.0
2022-10-10,2.0,,20.0
2022-10-09,2.0,,20.0
2022-10-08,2.0,,170.0
2022-09-30,2.0,,1280.0
2022-09-29,2.0,,1050.0
2022-09-28,2.0,,1330.0
2022-09-27,2.0,,1130.0
2022-09-26,2.0,,420.0
2022-09-23,2.0,,20.0
2022-09-22,2.0,,20.0
2022-09-21,2.0,,20.0
2022-09-20,2.0,,20.0
2022-09-19,2.0,,20.0
2022-09-16,2.0,,20.0
2022-09-15,2.75,4000.0,4000.0
2022-09-14,2.0,,20.0
2022-09-13,2.0,,20.0
2022-09-09,2.0,,20.0
2022-09-08,2.0,,20.0
2022-09-07,2.0,,20.0
2022-09-06,2.0,,20.0
2022-09-05,2.0,,20.0
2022-09-02,2.0,,20.0
2022-09-01,2.0,,20.0
2022-08-31,2.0,,20.0
2022-08-30,2.0,,20.0
2022-08-29,2.0,,20.0
2022-08-26,2.0,,20.0
2022-08-25,2.0,,20.0
2022-08-24,2.0,,20.0
2022-08-23,2.0,,20.0
2022-08-22,2.0,,20.0
2022-08-19,2.0,,20.0
2022-08-18,2.0,,20.0
2022-08-17,2.0,,20.0
2022-08-16,2.0,,20.0
2022-08-15,2.75,4000.0,4000.0
2022-08-12,2.1,,20.0
2022-08-11,2.1,,20.0
2022-08-10,2.1,,20.0
2022-08-09,2.1,,20.0
2022-08-08,2.1,,20.0
2022-08-05,2.1,,20.0
2022-08-04,2.1,,20.0
2022-08-03,2.1,,20.0
2022-08-02,2.1,,20.0
2022-08-01,2.1,,20.0
2022-07-29,2.1,,20.0
2022-07-28,2.1,,20.0
2022-07-27,2.1,,20.0
2022-07-26,2.1,,50.0
2022-07-25,2.1,,50.0
2022-07-22,2.1,,30.0
2022-07-21,2.1,,30.0
2022-07-20,2.1,,30.0
2022-07-19,2.1,,70.0
2022-07-18,2.1,,120.0
2022-07-15,2.85,1000.0,1000.0
2022-07-14,2.1,,30.0
2022-07-13,2.1,,30.0
2022-07-12,2.1,,30.0
2022-07-11,2.1,,30.0
2022-07-08,2.1,,30.0
2022-07-07,2.1,,30.0
2022-07-06,2.1,,30.0
2022-07-05,2.1,,30.0
2022-07-04,2.1,,30.0
2022-07-01,2.1,,100.0
2022-06-30,2.1,,800.0
2022-06-29,2.1,,1000.0
2022-06-28,2.1,,1100.0
2022-06-27,2.1,,1000.0
2022-06-24,2.1,,600.0
2022-06-23,2.1,,100.0
2022-06-22,2.1,,100.0
2022-06-21,2.1,,100.0
2022-06-20,2.1,,100.0
2022-06-17,2.1,,100.0
2022-06-16,2.1,,100.0
2022-06-15,2.85,2000.0,2000.0
2022-06-14,2.1,,100.0
2022-06-13,2.1,,100.0
2022-06-10,2.1,,100.0
2022-06-09,2.1,,100.0
2022-06-08,2.1,,100.0
2022-06-07,2.1,,100.0
2022-06-06,2.1,,100.0
2022-06-02,2.1,,100.0
2022-06-01,2.1,,100.0
2022-05-31,2.1,,100.0
2022-05-30,2.1,,100.0
2022-05-27,2.1,,100.0
2022-05-26,2.1,,100.0
2022-05-25,2.1,,100.0
2022-05-24,2.1,,100.0
2022-05-23,2.1,,100.0
2022-05-20,2.1,,100.0
2022-05-19,2.1,,100.0
2022-05-18,2.1,,100.0
2022-05-17,2.1,,100.0
2022-05-16,2.85,1000.0,1000.0
2022-05-13,2.1,,100.0
2022-05-12,2.1,,100.0
2022-05-11,2.1,,100.0
2022-05-10,2.1,,100.0
2022-05-09,2.1,,100.0
2022-05-07,2.1,,100.0
2022-05-06,2.1,,100.0
2022-05-05,2.1,,100.0
2022-04-29,2.1,,100.0
2022-04-28,2.1,,100.0
2022-04-27,2.1,,100.0
2022-04-26,2.1,,100.0
2022-04-25,2.1,,100.0
2022-04-24,2.1,,100.0
2022-04-22,2.1,,100.0
2022-04-21,2.1,,100.0
2022-04-20,2.1,,100.0
2022-04-19,2.1,,100.0
2022-04-18,2.1,,100.0
2022-04-15,2.85,1500.0,1500.0
2022-04-14,2.1,,100.0
2022-04-13,2.1,,100.0
2022-04-12,2.1,,200.0
2022-04-11,2.1,,100.0
2022-04-08,2.1,,100.0
2022-04-07,2.1,,100.0
2022-04-06,2.1,,100.0
2022-04-02,2.1,,100.0
2022-04-01,2.1,,100.0
2022-03-31,2.1,,1500.0
2022-03-30,2.1,,1500.0
2022-03-29,2.1,,1500.0
2022-03-28,2.1,,1500.0
2022-03-25,2.1,,1000.0
2022-03-24,2.1,,200.0
2022-03-23,2.1,,200.0
2022-03-22,2.1,,200.0
2022-03-21,2.1,,300.0
2022-03-18,2.1,,300.0
2022-03-17,2.1,,800.0
2022-03-16,2.1,,100.0
2022-03-15,2.85,2000.0,2000.0
2022-03-14,2.1,,100.0
2022-03-11,2.1,,100.0
2022-03-10,2.1,,100.0
2022-03-09,2.1,,100.0
2022-03-08,2.1,,100.0
2022-03-07,2.1,,100.0
2022-03-04,2.1,,100.0
2022-03-03,2.1,,100.0
2022-03-02,2.1,,100.0
2022-03-01,2.1,,500.0
2022-02-28,2.1,,3000.0
2022-02-25,2.1,,3000.0
2022-02-24,2.1,,2000.0
2022-02-23,2.1,,2000.0
2022-02-22,2.1,,1000.0
2022-02-21,2.1,,100.0
2022-02-18,2.1,,100.0
2022-02-17,2.1,,100.0
2022-02-16,2.1,,100.0
2022-02-15,2.85,3000.0,3000.0
2022-02-14,2.1,,100.0
2022-02-11,2.1,,200.0
2022-02-10,2.1,,200.0
2022-02-09,2.1,,200.0
2022-02-08,2.1,,200.0
2022-02-07,2.1,,200.0
2022-01-30,2.25,,1000.0
2022-01-29,2.25,,1000.0
2022-01-28,2.25,,2000.0
2022-01-27,2.25,,2000.0
2022-01-26,2.25,,2000.0
2022-01-25,2.25,,1500.0
2022-01-24,2.25,,1500.0
2022-01-21,2.1,,1000.0
2022-01-20,2.1,,1000.0
2022-01-19,2.1,,1000.0
2022-01-18,2.1,,1000.0
2022-01-17,2.85,7000.0,7000.0
2022-01-14,2.2,,100.0
2022-01-13,2.2,,100.0
2022-01-12,2.2,,100.0
2022-01-11,2.2,,100.0
2022-01-10,2.2,,100.0
2022-01-07,2.2,,100.0
2022-01-06,2.2,,100.0
2022-01-05,2.2,,100.0
2022-01-04,2.2,,100.0
2021-12-31,2.2,,1000.0
2021-12-30,2.2,,1000.0
2021-12-29,2.2,,2000.0
2021-12-28,2.2,,2000.0
2021-12-27,2.2,,500.0
2021-12-24,2.2,,100.0
2021-12-23,2.2,,100.0
2021-12-22,2.2,,100.0
2021-12-21,2.2,,100.0
2021-12-20,2.2,,100.0
2021-12-17,2.2,,100.0
2021-12-16,2.2,,100.0
2021-12-15,2.95,5000.0,5000.0
2021-12-14,2.2,,100.0
2021-12-13,2.2,,100.0
2021-12-10,2.2,,100.0
2021-12-09,2.2,,100.0
2021-12-08,2.2,,100.0
2021-12-07,2.2,,100.0
2021-12-06,2.2,,100.0
2021-12-03,2.2,,100.0
2021-12-02,2.2,,100.0
2021-12-01,2.2,,100.0
2021-11-30,2.2,,1000.0
2021-11-29,2.2,,1000.0
2021-11-26,2.2,,1000.0
2021-11-25,2.2,,1000.0
2021-11-24,2.2,,1000.0
2021-11-23,2.2,,500.0
2021-11-22,2.2,,500.0
2021-11-19,2.2,,500.0
2021-11-18,2.2,,500.0
2021-11-17,2.2,,500.0
2021-11-16,2.2,,500.0
2021-11-15,2.95,10000.0,10000.0
2021-11-12,2.2,,1000.0
2021-11-11,2.2,,1000.0
2021-11-10,2.2,,1000.0
2021-11-09,2.2,,1000.0
2021-11-08,2.2,,1000.0
2021-11-05,2.2,,1000.0
2021-11-04,2.2,,500.0
2021-11-03,2.2,,500.0
2021-11-02,2.2,,100.0
2021-11-01,2.2,,100.0
2021-10-29,2.2,,2000.0
2021-10-28,2.2,,2000.0
2021-10-27,2.2,,2000.0
2021-10-26,2.2,,2000.0
2021-10-25,2.2,,2000.0
2021-10-22,2.2,,1000.0
2021-10-21,2.2,,1000.0
2021-10-20,2.2,,1000.0
2021-10-19,2.2,,100.0
2021-10-18,2.2,,100.0
2021-10-15,2.95,5000.0,5000.0
2021-10-14,2.2,,100.0
2021-10-13,2.2,,100.0
2021-10-12,2.2,,100.0
2021-10-11,2.2,,100.0
2021-10-09,2.2,,100.0
2021-10-08,2.2,,100.0
2021-09-30,2.35,,1000.0
2021-09-29,2.35,,1000.0
2021-09-28,2.35,,1000.0
2021-09-27,2.35,,1000.0
2021-09-26,2.35,,1000.0
2021-09-24,2.35,,1200.0
2021-09-23,2.2,,600.0
2021-09-22,2.2,,600.0
2021-09-18,2.2,,500.0
2021-09-17,2.2,,500.0
2021-09-16,2.2,,100.0
2021-09-15,2.95,6000.0,6000.0
2021-09-14,2.2,,100.0
2021-09-13,2.2,,100.0
2021-09-10,2.2,,100.0
2021-09-09,2.2,,100.0
2021-09-08,2.2,,100.0
2021-09-07,2.2,,100.0
2021-09-06,2.2,,100.0
2021-09-03,2.2,,100.0
2021-09-02,2.2,,100.0
2021-09-01,2.2,,100.0
2021-08-31,2.2,,500.0
2021-08-30,2.2,,500.0
2021-08-27,2.2,,500.0
2021-08-26,2.2,,500.0
2021-08-25,2.2,,500.0
2021-08-24,2.2,,100.0
2021-08-23,2.2,,100.0
2021-08-20,2.2,,100.0
2021-08-19,2.2,,100.0
2021-08-18,2.2,,100.0
2021-08-17,2.2,,100.0
2021-08-16,2.95,6000.0,6000.0
2021-08-13,2.2,,100.0
2021-08-12,2.2,,100.0
2021-08-11,2.2,,100.0
2021-08-10,2.2,,100.0
2021-08-09,2.2,,100.0
2021-08-06,2.2,,100.0
2021-08-05,2.2,,100.0
2021-08-04,2.2,,100.0
2021-08-03,2.2,,100.0
2021-08-02,2.2,,100.0
2021-07-30,2.2,,300.0
2021-07-29,2.2,,300.0
2021-07-28,2.2,,100.0
2021-07-27,2.2,,100.0
2021-07-26,2.2,,100.0
2021-07-23,2.2,,100.0
2021-07-22,2.2,,100.0
2021-07-21,2.2,,100.0
2021-07-20,2.2,,100.0
2021-07-19,2.2,,100.0
2021-07-16,2.2,,100.0
2021-07-15,2.95,1000.0,1000.0
2021-07-14,2.2,,100.0
2021-07-13,2.2,,100.0
2021-07-12,2.2,,100.0
2021-07-09,2.2,,100.0
2021-07-08,2.2,,100.0
2021-07-07,2.2,,100.0
2021-07-06,2.2,,100.0
2021-07-05,2.2,,100.0
2021-07-02,2.2,,100.0
2021-07-01,2.2,,100.0
2021-06-30,2.2,,300.0
2021-06-29,2.2,,300.0
2021-06-28,2.2,,300.0
2021-06-25,2.2,,300.0
2021-06-24,2.2,,300.0
2021-06-23,2.2,,100.0
2021-06-22,2.2,,100.0
2021-06-21,2.2,,100.0
2021-06-18,2.2,,100.0
2021-06-17,2.2,,100.0
2021-06-16,2.2,,100.0
2021-06-15,2.95,2000.0,2000.0
2021-06-11,2.2,,100.0
2021-06-10,2.2,,100.0
2021-06-09,2.2,,100.0
2021-06-08,2.2,,100.0
2021-06-07,2.2,,100.0
2021-06-04,2.2,,100.0
2021-06-03,2.2,,100.0
2021-06-02,2.2,,100.0
2021-06-01,2.2,,100.0
2021-05-31,2.2,,100.0
2021-05-28,2.2,,100.0
2021-05-27,2.2,,100.0
2021-05-26,2.2,,100.0
2021-05-25,2.2,,100.0
2021-05-24,2.2,,100.0
2021-05-21,2.2,,100.0
2021-05-20,2.2,,100.0
2021-05-19,2.2,,100.0
2021-05-18,2.2,,100.0
2021-05-17,2.95,1000.0,1000.0
2021-05-14,2.2,,100.0
2021-05-13,2.2,,100.0
2021-05-12,2.2,,100.0
2021-05-11,2.2,,100.0
2021-05-10,2.2,,100.0
2021-05-08,2.2,,100.0
2021-05-07,2.2,,100.0
2021-05-06,2.2,,100.0
2021-04-30,2.2,,100.0
2021-04-29,2.2,,100.0
2021-04-28,2.2,,100.0
2021-04-27,2.2,,100.0
2021-04-26,2.2,,100.0
2021-04-25,2.2,,100.0
2021-04-23,2.2,,100.0
2021-04-22,2.2,,100.0
2021-04-21,2.2,,100.0
2021-04-20,2.2,,100.0
2021-04-19,2.2,,100.0
2021-04-16,2.2,,100.0
2021-04-15,2.95,1500.0,1500.0
2021-04-14,2.2,,100.0
2021-04-13,2.2,,100.0
2021-04-12,2.2,,100.0
2021-04-09,2.2,,100.0
2021-04-08,2.2,,100.0
2021-04-07,2.2,,100.0
2021-04-06,2.2,,100.0
2021-04-02,2.2,,100.0
2021-04-01,2.2,,100.0
2021-03-31,2.2,,100.0
2021-03-30,2.2,,100.0
2021-03-29,2.2,,100.0
2021-03-26,2.2,,100.0
2021-03-25,2.2,,100.0
2021-03-24,2.2,,100.0
2021-03-23,2.2,,100.0
2021-03-22,2.2,,100.0
2021-03-19,2.2,,100.0
2021-03-18,2.2,,100.0
2021-03-17,2.2,,100.0
2021-03-16,2.2,,100.0
2021-03-15,2.95,1000.0,1000.0
2021-03-12,2.2,,100.0
2021-03-11,2.2,,100.0
2021-03-10,2.2,,100.0
2021-03-09,2.2,,100.0
2021-03-08,2.2,,100.0
2021-03-05,2.2,,100.0
2021-03-04,2.2,,100.0
2021-03-03,2.2,,100.0
2021-03-02,2.2,,100.0
2021-03-01,2.2,,100.0
2021-02-26,2.2,,200.0
2021-02-25,2.2,,200.0
2021-02-24,2.2,,100.0
2021-02-23,2.2,,100.0
2021-02-22,2.2,,100.0
2021-02-20,2.2,,100.0
2021-02-19,2.2,,200.0
2021-02-18,2.95,2000.0,2000.0
2021-02-10,2.2,,200.0
2021-02-09,2.2,,500.0
2021-02-08,2.2,,1100.0
2021-02-07,2.35,,500.0
2021-02-05,2.35,,1000.0
2021-02-04,2.35,,1000.0
2021-02-03,2.2,,1000.0
2021-02-02,2.2,,800.0
2021-02-01,2.2,,1000.0
2021-01-29,2.2,,1000.0
2021-01-28,2.2,,1000.0
2021-01-27,2.2,,1800.0
2021-01-26,2.2,,20.0
2021-01-25,2.2,,20.0
2021-01-22,2.2,,20.0
2021-01-21,2.2,,2500.0
2021-01-20,2.2,,2800.0
2021-01-19,2.2,,800.0
2021-01-18,2.2,,20.0
2021-01-15,2.95,5000.0,5000.0
2021-01-14,2.2,,20.0
2021-01-13,2.2,,20.0
2021-01-12,2.2,,50.0
2021-01-11,2.2,,50.0
2021-01-08,2.2,,50.0
2021-01-07,2.2,,100.0
2021-01-06,2.2,,100.0
2021-01-05,2.2,,100.0
2021-01-04,2.2,,200.0
2020-12-31,2.2,,900.0
2020-12-30,2.2,,400.0
2020-12-29,2.2,,200.0
2020-12-28,2.2,,200.0
2020-12-25,2.2,,400.0
2020-12-24,2.2,,100.0
2020-12-23,2.2,,100.0
2020-12-22,2.2,,100.0
2020-12-21,2.2,,100.0
2020-12-18,2.2,,100.0
2020-12-17,2.2,,100.0
2020-12-16,2.2,,100.0
2020-12-15,2.95,9500.0,9500.0
2020-12-14,2.2,,200.0
2020-12-11,2.2,,100.0
2020-12-10,2.2,,100.0
2020-12-09,2.2,,200.0
2020-12-08,2.2,,600.0
2020-12-07,2.2,,500.0
2020-12-04,2.2,,100.0
2020-12-03,2.2,,100.0
2020-12-02,2.2,,100.0
2020-12-01,2.2,,200.0
2020-11-30,2.95,2000.0,2000.0
2020-11-27,2.2,,1200.0
2020-11-26,2.2,,800.0
2020-11-25,2.2,,1200.0
2020-11-24,2.2,,700.0
2020-11-23,2.2,,400.0
2020-11-20,2.2,,800.0
2020-11-19,2.2,,700.0
2020-11-18,2.2,,1000.0
2020-11-17,2.2,,500.0
2020-11-16,2.95,8000.0,8000.0
2020-11-13,2.2,,1600.0
2020-11-12,2.2,,1200.0
2020-11-11,2.2,,1500.0
2020-11-10,2.2,,1200.0
2020-11-05,2.2,,300.0
2020-11-04,2.2,,1200.0
2020-11-03,2.2,,1200.0
2020-11-02,2.2,,500.0
2020-10-30,2.2,,1000.0
2020-10-29,2.2,,1400.0
2020-10-28,2.2,,1200.0
2020-10-27,2.2,,1000.0
2020-10-26,2.2,,500.0
2020-10-23,2.2,,700.0
2020-10-22,2.2,,500.0
2020-10-21,2.2,,800.0
2020-10-20,2.2,,700.0
2020-10-19,2.2,,500.0
2020-10-16,2.2,,500.0
2020-10-15,2.95,5000.0,5000.0
2020-09-30,2.35,,500.0
2020-09-29,2.35,,1000.0
2020-09-28,2.35,,400.0
2020-09-27,2.35,,200.0
2020-09-25,2.35,,900.0
2020-09-24,2.35,,1200.0
2020-09-23,2.2,,1000.0
2020-09-22,2.2,,2000.0
2020-09-21,2.2,,1000.0
2020-09-18,2.2,,1100.0
2020-09-17,2.2,,1100.0
2020-09-16,2.2,,1200.0
2020-09-15,2.95,6000.0,6000.0
2020-09-14,2.2,,800.0
2020-09-11,2.2,,900.0
2020-09-10,2.2,,1400.0
2020-09-09,2.2,,1200.0
2020-09-08,2.2,,1700.0
2020-09-07,2.2,,1000.0
2020-09-04,2.2,,1000.0
2020-09-03,2.2,,1200.0
2020-09-02,2.2,,200.0
2020-09-01,2.2,,200.0
2020-08-31,2.2,,200.0
2020-08-28,2.2,,500.0
2020-08-27,2.2,,1000.0
2020-08-26,2.2,,2000.0
2020-08-25,2.2,,2500.0
2020-08-24,2.2,,1000.0
2020-08-21,2.2,,1500.0
2020-08-20,2.2,,1600.0
2020-08-19,2.2,,1500.0
2020-08-18,2.2,,1000.0
2020-08-17,2.95,7000.0,7000.0
2020-08-14,2.2,,1500.0
2020-08-13,2.2,,1500.0
2020-08-12,2.2,,1400.0
2020-08-11,2.2,,500.0
2020-08-10,2.2,,100.0
2020-08-07,2.2,,100.0
2020-07-31,2.2,,200.0
2020-07-30,2.2,,500.0
2020-07-29,2.2,,300.0
2020-07-28,2.2,,800.0
2020-07-27,2.2,,1000.0
2020-07-23,2.2,,500.0
2020-07-21,2.2,,100.0
2020-07-20,2.2,,1000.0
2020-07-17,2.2,,2000.0
2020-07-16,2.2,,500.0
2020-07-15,2.95,4000.0,4000.0
2020-07-14,2.2,,300.0
2020-07-13,2.2,,500.0
2020-06-28,2.2,,1000.0
2020-06-24,2.2,,1800.0
2020-06-23,2.2,,900.0
2020-06-22,2.2,,400.0
2020-06-19,2.2,,700.0
2020-06-18,2.2,,500.0
2020-06-15,2.95,2000.0,2000.0
2020-06-12,2.2,,1000.0
2020-06-11,2.2,,800.0
2020-06-10,2.2,,600.0
2020-06-09,2.2,,600.0
2020-06-08,2.2,,1200.0
2020-06-05,2.2,,1500.0
2020-06-04,2.2,,700.0
2020-05-29,2.2,,3000.0
2020-05-28,2.2,,2400.0
2020-05-27,2.2,,1200.0
2020-05-26,2.2,,100.0
2020-04-24,2.95,561.0,561.0
2020-03-31,2.2,,200.0
2020-03-30,2.2,,500.0
2020-02-17,3.15,2000.0,2000.0
2020-02-11,2.4,,1000.0
2020-02-10,2.4,,7000.0
2020-02-04,2.4,,3800.0
2020-02-03,2.4,,9000.0
2020-01-23,3.15,2405.0,2405.0
2020-01-22,2.65,,300.0
2020-01-21,2.65,,1000.0
2020-01-20,2.65,,2500.0
2020-01-19,2.65,,2000.0
2020-01-17,2.65,,2000.0
2020-01-16,2.65,,3000.0
2020-01-15,3.25,3000.0,3000.0
2019-12-23,2.65,,500.0
2019-12-20,2.65,,1500.0
2019-12-19,2.5,,300.0
2019-12-18,2.5,,500.0
2019-11-19,2.5,,1200.0
2019-11-18,2.5,,1800.0
2019-10-25,2.55,,300.0
2019-10-24,2.55,,600.0
2019-10-23,2.55,,2000.0
2019-10-22,2.55,,2500.0
2019-10-21,2.55,,500.0
2019-10-18,2.55,,300.0
2019-09-27,2.7,,300.0
2019-09-26,2.7,,200.0
2019-09-25,2.7,,200.0
2019-09-24,2.7,,400.0
2019-09-23,2.55,,200.0
2019-09-20,2.55,,400.0
2019-09-19,2.55,,1200.0
2019-09-18,2.55,,300.0
2019-09-11,2.55,,300.0
2019-09-10,2.55,,800.0
2019-09-09,2.55,,1200.0
2019-09-06,2.55,,400.0
2019-08-28,2.55,,600.0
2019-08-27,2.55,,800.0
2019-08-23,2.55,,800.0
2019-08-22,2.55,,600.0
2019-08-21,2.55,,600.0
2019-08-20,2.55,,500.0
2019-08-19,2.55,,200.0
2019-08-16,2.55,,800.0
2019-08-15,2.55,,300.0
2019-08-14,2.55,,1000.0
2019-08-13,2.55,,600.0
2019-08-12,2.55,,300.0
2019-07-22,2.55,,500.0
2019-07-19,2.55,,1000.0
2019-07-18,2.55,,1000.0
2019-07-17,2.55,,1000.0
2019-07-16,2.55,,1600.0
2019-06-21,2.7,,300.0
2019-06-20,2.7,,300.0
2019-06-19,2.7,,400.0
2019-06-18,2.7,,900.0
2019-06-17,2.7,,1500.0
2019-06-14,2.85,,1000.0
2019-06-13,2.85,,1000.0
2019-06-12,2.55,,150.0
2019-06-11,2.55,,100.0
2019-06-10,2.55,,300.0
2019-06-06,2.55,,100.0
2019-06-05,2.55,,600.0
2019-06-04,2.55,,600.0
2019-06-03,2.55,,800.0
2019-05-30,2.55,,300.0
2019-05-29,2.55,,2700.0
2019-05-28,2.55,,1500.0
2019-05-27,2.55,,800.0
2019-05-22,2.55,,200.0
2019-05-21,2.55,,800.0
2019-05-08,2.55,,100.0
2019-05-07,2.55,,200.0
2019-05-06,2.55,,200.0
2019-04-24,3.15,2674.0,2674.0
2019-04-19,2.55,,200.0
2019-04-18,2.55,,800.0
2019-04-17,2.55,,1600.0
2019-04-16,2.55,,400.0
2019-03-19,2.55,,500.0
2019-03-18,2.55,,600.0
2019-03-15,2.55,,200.0
2019-02-27,2.55,,600.0
2019-02-26,2.55,,1200.0
2019-02-25,2.55,,400.0
2019-02-22,2.55,,400.0
2019-02-20,2.55,,200.0
2019-02-01,2.7,,800.0
2019-01-31,2.7,,500.0
2019-01-30,2.7,,500.0
2019-01-23,3.15,2575.0,2575.0
2019-01-18,2.55,,100.0
2019-01-17,2.55,,2500.0
2019-01-16,2.55,,3500.0
2019-01-15,2.55,,800.0
2019-01-14,2.55,,800.0
2019-01-04,2.55,,100.0
2019-01-03,2.55,,400.0
2019-01-02,2.55,,300.0
2018-12-29,2.55,,1500.0
2018-12-28,2.55,,1500.0
2018-12-27,2.55,,1200.0
2018-12-26,2.55,,200.0
2018-12-25,2.55,,300.0
2018-12-24,2.7,,200.0
2018-12-21,2.55,,300.0
2018-12-20,2.55,,1200.0
2018-12-19,2.55,,400.0
2018-12-18,2.55,,1400.0
2018-12-17,2.55,,1600.0
2018-12-14,3.3,2860.0,2860.0
2018-12-06,3.3,1875.0,1875.0
2018-11-05,3.3,4035.0,4035.0
2018-10-25,2.55,,1000.0
2018-10-24,2.55,,1500.0
2018-10-23,2.55,,1200.0
2018-10-22,2.55,,1200.0
2018-10-19,2.55,,300.0
2018-09-25,2.7,,600.0
2018-09-20,2.55,,400.0
2018-09-19,2.55,,400.0
2018-09-18,2.55,,1500.0
2018-09-17,3.3,2650.0,2650.0
2018-09-14,2.55,,1100.0
2018-09-13,2.55,,1000.0
2018-09-12,2.55,,600.0
2018-09-07,3.3,1765.0,1765.0
2018-08-24,3.3,1490.0,1490.0
2018-08-21,2.55,,500.0
2018-08-20,2.55,,1200.0
2018-08-17,2.55,,900.0
2018-08-16,2.55,,400.0
2018-08-15,3.3,3830.0,3830.0
2018-07-23,3.3,5020.0,5020.0
2018-07-19,2.55,,700.0
2018-07-18,2.55,,600.0
2018-07-17,2.55,,700.0
2018-07-16,2.55,,1700.0
2018-07-13,3.3,1885.0,1885.0
2018-07-12,2.55,,300.0
2018-07-04,2.55,,100.0
2018-06-29,2.55,,800.0
2018-06-28,2.55,,800.0
2018-06-27,2.55,,600.0
2018-06-26,2.55,,800.0
2018-06-22,2.55,,400.0
2018-06-21,2.55,,600.0
2018-06-20,2.55,,700.0
2018-06-19,2.55,,700.0
2018-06-15,2.55,,500.0
2018-06-14,2.55,,700.0
2018-06-13,2.55,,600.0
2018-06-12,2.55,,500.0
2018-06-07,2.55,,200.0
2018-06-06,3.3,,4630.0
2018-06-05,2.55,,700.0
2018-06-04,2.55,,200.0
2018-06-01,2.55,,400.0
2018-05-31,2.55,,900.0
2018-05-30,2.55,,1100.0
2018-05-29,2.55,,1000.0
2018-05-28,2.55,,200.0
2018-05-24,2.55,,200.0
2018-05-23,2.55,,800.0
2018-05-22,2.55,,500.0
2018-05-17,2.55,,300.0
2018-05-16,2.55,,1400.0
2018-05-15,2.55,,1000.0
2018-05-14,3.3,1560.0,1560.0
2018-05-10,2.55,,200.0
2018-05-09,2.55,,600.0
2018-05-04,2.55,,200.0
2018-05-03,2.55,,500.0
2018-05-02,2.55,,2000.0
2018-04-27,2.55,,400.0
2018-04-26,2.55,,1000.0
2018-04-24,2.55,,300.0
2018-04-23,2.55,,800.0
2018-04-19,2.55,,1900.0
2018-04-18,2.55,,1500.0
2018-04-17,3.3,3675.0,3675.0
2018-04-16,2.55,,800.0
2018-04-09,2.55,,100.0
2018-04-08,2.55,,100.0
2018-03-22,2.55,,100.0
2018-03-19,2.5,,300.0
2018-03-16,3.25,3270.0,3270.0
2018-03-15,2.5,,200.0
2018-03-14,2.5,,300.0
2018-03-13,2.5,,300.0
2018-03-12,2.5,,500.0
2018-03-07,3.25,1055.0,1055.0
2018-03-02,2.5,,400.0
2018-03-01,2.5,,1000.0
2018-02-26,2.5,,1000.0
2018-02-23,2.5,,1100.0
2018-02-22,2.5,,1600.0
2018-02-13,3.25,3930.0,3930.0
2018-01-24,2.5,,1100.0
2018-01-23,2.5,,800.0
2018-01-22,2.5,,600.0
2018-01-19,2.5,,1300.0
2018-01-18,2.5,,800.0
2018-01-17,2.5,,1000.0
2018-01-16,2.5,,1600.0
2018-01-15,2.5,,800.0
2018-01-12,2.5,,1400.0
2018-01-11,2.5,,300.0
2018-01-10,2.5,,600.0
2017-12-21,2.5,,300.0
2017-12-20,2.5,,400.0
2017-12-19,2.5,,500.0
2017-12-18,2.5,,1200.0
2017-12-15,2.5,,800.0
2017-12-14,2.5,,300.0
2017-12-13,2.45,,700.0
2017-12-12,2.45,,800.0
2017-12-11,2.45,,400.0
2017-12-07,2.45,,1200.0
2017-12-06,3.2,1880.0,1880.0
2017-11-30,2.45,,1500.0
2017-11-29,2.45,,1600.0
2017-11-28,2.45,,1300.0
2017-11-27,2.45,,700.0
2017-11-24,2.45,,300.0
2017-11-23,2.45,,1400.0
2017-11-22,2.45,,1000.0
2017-11-21,2.45,,1300.0
2017-11-20,2.45,,700.0
2017-11-17,2.45,,100.0
2017-11-16,2.45,,1600.0
2017-11-15,2.45,,1600.0
2017-11-14,2.45,,1300.0
2017-11-13,2.45,,800.0
2017-11-10,2.45,,400.0
2017-11-09,2.45,,200.0
2017-11-08,2.45,,700.0
2017-11-07,2.45,,800.0
2017-11-03,3.2,4040.0,4040.0
2017-11-01,2.45,,1400.0
2017-10-31,2.45,,1400.0
2017-10-30,2.45,,700.0
2017-10-27,2.45,,600.0
2017-10-26,2.45,,800.0
2017-10-25,2.45,,1000.0
2017-10-24,2.45,,1300.0
2017-10-23,2.45,,1100.0
2017-10-20,2.45,,500.0
2017-10-19,2.45,,800.0
2017-10-18,2.45,,1600.0
2017-10-17,2.45,,1000.0
2017-10-16,2.45,,200.0
2017-10-13,3.2,4980.0,4980.0
2017-10-12,2.45,,200.0
2017-10-11,2.45,,200.0
2017-10-10,2.45,,400.0
2017-09-28,2.6,,500.0
2017-09-26,2.6,,400.0
2017-09-25,2.6,,1600.0
2017-09-22,2.45,,1000.0
2017-09-21,2.45,,400.0
2017-09-20,2.45,,200.0
2017-09-19,2.45,,1300.0
2017-09-18,2.45,,2800.0
2017-09-15,2.45,,1200.0
2017-09-14,2.45,,600.0
2017-09-13,2.45,,300.0
2017-09-07,3.2,2980.0,2980.0
2017-09-06,2.45,,200.0
2017-08-30,2.45,,800.0
2017-08-29,2.45,,500.0
2017-08-28,2.45,,600.0
2017-08-23,2.45,,1000.0
2017-08-22,2.45,,400.0
2017-08-21,2.45,,1000.0
2017-08-18,2.45,,700.0
2017-08-17,2.45,,600.0
2017-08-16,2.45,,1500.0
2017-08-15,3.2,3995.0,3995.0
2017-08-14,2.45,,1100.0
2017-08-11,2.45,,700.0
2017-08-10,2.45,,500.0
2017-08-09,2.45,,700.0
2017-08-08,2.45,,700.0
2017-08-07,2.45,,1300.0
2017-08-04,2.45,,900.0
2017-08-03,2.45,,600.0
2017-08-02,2.45,,900.0
2017-08-01,2.45,,1000.0
2017-07-31,2.45,,1600.0
2017-07-28,2.45,,1000.0
2017-07-27,2.45,,600.0
2017-07-26,2.45,,800.0
2017-07-25,2.45,,1000.0
2017-07-24,2.45,,2000.0
2017-07-21,2.45,,1000.0
2017-07-20,2.45,,400.0
2017-07-19,2.45,,1000.0
2017-07-18,2.45,,1300.0
2017-07-17,2.45,,1300.0
2017-07-14,2.45,,1000.0
2017-07-13,3.2,3600.0,3600.0
2017-07-12,2.45,,400.0
2017-07-11,2.45,,300.0
2017-06-22,2.45,,200.0
2017-06-21,2.45,,400.0
2017-06-20,2.45,,100.0
2017-06-19,2.45,,500.0
2017-06-16,2.45,,300.0
2017-06-15,2.45,,500.0
2017-06-14,2.45,,300.0
2017-06-13,2.45,,100.0
2017-06-12,2.45,,100.0
2017-06-09,2.45,,200.0
2017-06-08,2.45,,300.0
2017-06-07,2.45,,400.0
2017-06-06,3.2,4980.0,4980.0
2017-06-05,2.45,,400.0
2017-06-02,2.45,,300.0
2017-06-01,2.45,,700.0
2017-05-31,2.45,,1800.0
2017-05-26,2.45,,200.0
2017-05-25,2.45,,600.0
2017-05-24,2.45,,400.0
2017-05-23,2.45,,800.0
2017-05-22,2.45,,100.0
2017-05-18,2.45,,500.0
2017-05-17,2.45,,1100.0
2017-05-16,2.45,,1500.0
2017-05-12,3.05,665.0,665.0
2017-05-11,2.45,,600.0
2017-05-10,2.45,,900.0
2017-05-04,2.45,,300.0
2017-05-03,2.45,,1700.0
2017-04-28,2.45,,400.0
2017-04-27,2.45,,300.0
2017-04-26,2.45,,400.0
2017-04-25,2.45,,400.0
2017-04-24,2.45,,100.0
2017-04-21,2.45,,600.0
2017-04-20,2.45,,700.0
2017-04-19,2.45,,400.0
2017-04-18,2.45,,400.0
2017-04-17,3.05,1280.0,1280.0
2017-04-14,2.45,,600.0
2017-04-13,2.45,,700.0
2017-03-23,2.45,,100.0
2017-03-22,2.45,,500.0
2017-03-21,2.45,,500.0
2017-03-20,2.45,,600.0
2017-03-17,2.45,,200.0
2017-03-16,2.45,,200.0
2017-03-15,2.35,,100.0
2017-03-14,2.35,,100.0
2017-03-13,2.35,,100.0
2017-03-08,2.35,,100.0
2017-03-07,2.35,,100.0
2017-03-06,2.35,,200.0
2017-03-03,2.35,,100.0
2017-03-02,2.35,,100.0
2017-03-01,2.35,,100.0
2017-02-28,2.35,,100.0
2017-02-27,2.35,,100.0
2017-02-24,2.35,,100.0
2017-02-23,2.35,,200.0
2017-02-22,2.35,,500.0
2017-02-21,2.35,,400.0
2017-02-20,2.35,,700.0
2017-02-17,2.35,,500.0
2017-02-16,2.35,,800.0
2017-02-15,2.35,,500.0
2017-02-14,2.35,,300.0
2017-02-13,2.35,,200.0
2017-02-03,2.35,,200.0
2017-01-26,2.4,,500.0
2017-01-25,2.4,,150.0
2017-01-24,2.4,,100.0
2017-01-23,2.4,,200.0
2017-01-22,2.4,,300.0
2017-01-20,2.4,,500.0
2017-01-19,2.25,,1000.0
2017-01-18,2.25,,2000.0
2017-01-17,2.25,,1000.0
2017-01-16,2.25,,400.0
2017-01-13,2.25,,100.0
2017-01-12,2.25,,100.0
2017-01-11,2.25,,100.0
2017-01-10,2.25,,100.0
2017-01-09,2.25,,100.0
2017-01-06,2.25,,100.0
2017-01-05,2.25,,100.0
2017-01-04,2.25,,100.0
2017-01-03,2.25,,200.0
2016-12-30,2.25,,1600.0
2016-12-29,2.25,,700.0
2016-12-28,2.25,,700.0
2016-12-27,2.25,,400.0
2016-12-26,2.25,,400.0
2016-12-23,2.25,,900.0
2016-12-22,2.25,,1000.0
2016-12-21,2.25,,1100.0
2016-12-20,2.25,,1550.0
2016-12-19,2.25,,950.0
2016-12-16,2.25,,1050.0
2016-12-15,2.25,,1400.0
2016-12-14,2.25,,900.0
2016-12-13,2.25,,500.0
2016-12-12,2.25,,800.0
2016-12-09,2.25,,500.0
2016-12-08,2.25,,500.0
2016-12-07,2.25,,300.0
2016-12-06,2.25,,300.0
2016-12-05,2.25,,700.0
2016-12-02,2.25,,1600.0
2016-12-01,2.25,,1000.0
2016-11-30,2.25,,1400.0
2016-11-29,2.25,,900.0
2016-11-28,2.25,,1000.0
2016-11-25,2.25,,1200.0
2016-11-24,2.25,,600.0
2016-11-23,2.25,,1000.0
2016-11-22,2.25,,1000.0
2016-11-21,2.25,,1100.0
2016-11-18,2.25,,1250.0
2016-11-17,2.25,,1400.0
2016-11-16,2.25,,1100.0
2016-11-15,2.25,,1000.0
2016-11-14,2.25,,1050.0
2016-11-11,2.25,,1400.0
2016-11-10,2.25,,600.0
2016-11-09,2.25,,200.0
2016-11-08,2.25,,200.0
2016-11-07,2.25,,200.0
2016-11-04,2.25,,200.0
2016-11-03,2.25,,300.0
2016-11-02,2.25,,800.0
2016-11-01,2.25,,1000.0
2016-10-31,2.25,,1000.0
2016-10-28,2.25,,950.0
2016-10-27,2.25,,1150.0
2016-10-26,2.25,,1050.0
2016-10-25,2.25,,1150.0
2016-10-24,2.25,,700.0
2016-10-21,2.25,,700.0
2016-10-20,2.25,,1000.0
2016-10-19,2.25,,650.0
2016-10-18,2.25,,400.0
2016-10-17,2.25,,500.0
2016-10-14,2.25,,300.0
2016-10-13,2.25,,200.0
2016-10-12,2.25,,300.0
2016-10-11,2.25,,200.0
2016-10-10,2.25,,200.0
2016-10-09,2.25,,400.0
2016-09-30,2.4,,300.0
2016-09-29,2.4,,800.0
2016-09-28,2.4,,1400.0
2016-09-27,2.4,,700.0
2016-09-26,2.4,,1200.0
2016-09-23,2.25,,900.0
2016-09-22,2.25,,1200.0
2016-09-21,2.25,,1200.0
2016-09-20,2.25,,1500.0
2016-09-19,2.25,,1800.0
2016-09-18,2.25,,1500.0
2016-09-14,2.25,,700.0
2016-09-13,2.25,,700.0
2016-09-12,2.25,,700.0
2016-09-09,2.25,,500.0
2016-09-08,2.25,,600.0
2016-09-07,2.25,,200.0
2016-09-06,2.25,,200.0
2016-09-05,2.25,,200.0
2016-09-02,2.25,,300.0
2016-09-01,2.25,,200.0
2016-08-31,2.25,,400.0
2016-08-30,2.25,,600.0
2016-08-29,2.25,,600.0
2016-08-26,2.25,,950.0
2016-08-25,2.25,,1400.0
2016-08-24,2.25,,900.0
2016-08-23,2.25,,1000.0
2016-08-22,2.25,,1100.0
2016-08-19,2.25,,450.0
2016-08-18,2.25,,500.0
2016-08-17,2.25,,1000.0
2016-08-16,2.25,,800.0
2016-08-15,2.25,,1300.0
2016-08-12,2.25,,900.0
2016-08-11,2.25,,1000.0
2016-08-10,2.25,,800.0
2016-08-09,2.25,,700.0
2016-08-08,2.25,,1250.0
2016-08-05,2.25,,900.0
2016-08-04,2.25,,500.0
2016-08-03,2.25,,550.0
2016-08-02,2.25,,600.0
2016-08-01,2.25,,1200.0
2016-07-29,2.25,,700.0
2016-07-28,2.25,,800.0
2016-07-27,2.25,,1800.0
2016-07-26,2.25,,1300.0
2016-07-25,2.25,,1500.0
2016-07-22,2.25,,700.0
2016-07-21,2.25,,300.0
2016-07-20,2.25,,750.0
2016-07-19,2.25,,600.0
2016-07-18,2.25,,500.0
2016-07-15,2.25,,200.0
2016-07-14,2.25,,200.0
2016-07-13,2.25,,300.0
2016-07-12,2.25,,300.0
2016-07-11,2.25,,300.0
2016-07-08,2.25,,200.0
2016-07-07,2.25,,150.0
2016-07-06,2.25,,300.0
2016-07-05,2.25,,400.0
2016-07-04,2.25,,900.0
2016-07-01,2.25,,500.0
2016-06-30,2.25,,1300.0
2016-06-29,2.25,,2100.0
2016-06-28,2.25,,1800.0
2016-06-27,2.25,,2700.0
2016-06-24,2.25,,1700.0
2016-06-23,2.25,,600.0
2016-06-22,2.25,,1500.0
2016-06-21,2.25,,1100.0
2016-06-20,2.25,,1700.0
2016-06-17,2.25,,400.0
2016-06-16,2.25,,300.0
2016-06-15,2.25,,650.0
2016-06-14,2.25,,750.0
2016-06-13,2.25,,400.0
2016-06-12,2.25,,700.0
2016-06-08,2.25,,550.0
2016-06-07,2.25,,500.0
2016-06-06,2.25,,400.0
2016-06-03,2.25,,400.0
2016-06-02,2.25,,700.0
2016-06-01,2.25,,950.0
2016-05-31,2.25,,1200.0
2016-05-30,2.25,,650.0
2016-05-27,2.25,,950.0
2016-05-26,2.25,,750.0
2016-05-25,2.25,,700.0
2016-05-24,2.25,,650.0
2016-05-23,2.25,,650.0
2016-05-20,2.25,,500.0
2016-05-19,2.25,,850.0
2016-05-18,2.25,,700.0
2016-05-17,2.25,,500.0
2016-05-16,2.25,,450.0
2016-05-13,2.25,,300.0
2016-05-12,2.25,,500.0
2016-05-11,2.25,,800.0
2016-05-10,2.25,,700.0
2016-05-09,2.25,,200.0
2016-05-06,2.25,,300.0
2016-05-05,2.25,,1300.0
2016-05-04,2.25,,1000.0
2016-05-03,2.25,,1000.0
2016-04-29,2.25,,300.0
2016-04-28,2.25,,1100.0
2016-04-27,2.25,,1200.0
2016-04-26,2.25,,1400.0
2016-04-25,2.25,,1800.0
2016-04-22,2.25,,2400.0
2016-04-21,2.25,,2600.0
2016-04-20,2.25,,2500.0
2016-04-19,2.25,,900.0
2016-04-18,2.25,,300.0
2016-04-15,2.25,,350.0
2016-04-14,2.25,,400.0
2016-04-13,2.25,,400.0
2016-04-12,2.25,,600.0
2016-04-11,2.25,,150.0
2016-04-08,2.25,,200.0
2016-04-07,2.25,,100.0
2016-04-06,2.25,,300.0
2016-04-05,2.25,,600.0
2016-04-01,2.25,,1400.0
2016-03-31,2.25,,1000.0
2016-03-30,2.25,,600.0
2016-03-29,2.25,,600.0
2016-03-28,2.25,,350.0
2016-03-25,2.25,,300.0
2016-03-24,2.25,,600.0
2016-03-23,2.25,,800.0
2016-03-22,2.25,,800.0
2016-03-21,2.25,,1300.0
2016-03-18,2.25,,1100.0
2016-03-17,2.25,,400.0
2016-03-16,2.25,,200.0
2016-03-15,2.25,,200.0
2016-03-14,2.25,,100.0
2016-03-11,2.25,,200.0
2016-03-10,2.25,,200.0
2016-03-09,2.25,,150.0
2016-03-08,2.25,,300.0
2016-03-07,2.25,,300.0
2016-03-04,2.25,,500.0
2016-03-03,2.25,,400.0
2016-02-29,2.25,,2300.0
2016-02-26,2.25,,3000.0
2016-02-25,2.25,,3400.0
2016-02-24,2.25,,400.0
2016-02-23,2.25,,1300.0
2016-02-22,2.25,,700.0
2016-02-19,2.25,,100.0
2016-02-18,2.25,,800.0
2016-02-17,2.25,,100.0
2016-02-16,2.25,,300.0
2016-02-15,2.25,,100.0
2016-02-14,2.25,,100.0
2016-02-06,2.4,,1100.0
2016-02-05,2.4,,600.0
2016-02-04,2.4,,800.0
2016-02-03,2.4,,400.0
2016-02-02,2.4,,500.0
2016-02-01,2.6,,100.0
2016-01-29,2.25,,200.0
2016-01-28,2.25,,800.0
2016-01-26,2.25,,800.0
2016-01-21,2.25,,1100.0
2016-01-19,2.25,,800.0
2016-01-14,2.25,,1600.0
2016-01-12,2.25,,800.0
2016-01-07,2.25,,700.0
2016-01-05,2.25,,1300.0
2015-12-29,2.25,,100.0
2015-12-24,2.25,,400.0
2015-12-22,2.25,,300.0
2015-12-17,2.25,,300.0
2015-12-15,2.25,,100.0
2015-12-10,2.25,,200.0
2015-12-08,2.25,,100.0
2015-12-03,2.25,,300.0
2015-12-01,2.25,,500.0
2015-11-26,2.25,,200.0
2015-11-24,2.25,,100.0
2015-11-19,2.25,,200.0
2015-11-17,2.25,,100.0
2015-11-12,2.25,,100.0
2015-11-10,2.25,,100.0
2015-11-05,2.25,,100.0
2015-11-03,2.25,,100.0
2015-10-29,2.25,,100.0
2015-10-27,2.25,,100.0
2015-10-22,2.35,,200.0
2015-10-20,2.35,,250.0
2015-10-15,2.35,,500.0
2015-10-13,2.35,,400.0
2015-10-08,2.35,,1200.0
2015-09-29,2.7,,400.0
2015-09-24,2.7,,800.0
2015-09-22,2.35,,500.0
2015-09-17,2.35,,400.0
2015-09-15,2.35,,500.0
2015-09-10,2.35,,800.0
2015-09-08,2.35,,1500.0
2015-09-01,2.35,,1500.0
2015-08-27,2.35,,1500.0
2015-08-25,2.5,,1500.0
2015-08-20,2.5,,1200.0
2015-08-18,2.5,,1200.0
2015-08-13,2.5,,400.0
2015-08-11,2.5,,500.0
2015-08-06,2.5,,350.0
2015-08-04,2.5,,500.0
2015-07-30,2.5,,400.0
2015-07-28,2.5,,500.0
2015-07-23,2.5,,350.0
2015-07-21,2.5,,350.0
2015-07-16,2.5,,200.0
2015-07-14,2.5,,200.0
2015-07-09,2.5,,350.0
2015-07-07,2.5,,500.0
2015-07-02,2.5,,350.0
2015-06-30,2.5,,500.0
2015-06-25,2.7,,350.0
2015-04-16,3.35,,100.0
2015-04-14,3.35,,100.0
2015-04-09,3.45,,150.0
2015-04-07,3.45,,200.0
2015-04-02,3.55,,250.0
2015-03-31,3.55,,250.0
2015-03-26,3.55,,250.0
2015-03-24,3.55,,200.0
2015-03-19,3.65,,150.0
2015-03-17,3.65,,200.0
2015-03-12,3.75,,250.0
2015-03-10,3.75,,350.0
2015-03-05,3.75,,400.0
2015-03-03,3.75,,350.0
2015-02-26,4.1,,380.0
2015-02-12,4.1,,800.0
2015-02-10,4.1,,250.0
2015-02-05,4.8,,300.0
2015-02-03,3.85,,350.0
2015-01-29,4.8,,450.0
2015-01-27,3.85,,300.0
2015-01-22,3.85,,500.0
