date,series_name,value,source_slug,source_url
2001-01-01,US - NASDAQ 100 Index - Forward PE Ratio,36.6593,nasdaq-100-pe,https://en.macromicro.me/series/23955/nasdaq-100-pe
2001-02-01,US - NASDAQ 100 Index - Forward PE Ratio,29.9744,nasdaq-100-pe,https://en.macromicro.me/series/23955/nasdaq-100-pe
2001-03-01,US - NASDAQ 100 Index - Forward PE Ratio,27.2726,nasdaq-100-pe,https://en.macromicro.me/series/23955/nasdaq-100-pe
2001-04-01,US - NASDAQ 100 Index - Forward PE Ratio,31.5605,nasdaq-100-pe,https://en.macromicro.me/series/23955/nasdaq-100-pe
2001-05-01,US - NASDAQ 100 Index - Forward PE Ratio,31.9954,nasdaq-100-pe,https://en.macromicro.me/series/23955/nasdaq-100-pe
2001-06-01,US - NASDAQ 100 Index - Forward PE Ratio,33.9453,nasdaq-100-pe,https://en.macromicro.me/series/23955/nasdaq-100-pe
2001-07-01,US - NASDAQ 100 Index - Forward PE Ratio,99.7258,nasdaq-100-pe,https://en.macromicro.me/series/23955/nasdaq-100-pe
2001-08-01,US - NASDAQ 100 Index - Forward PE Ratio,99.9391,nasdaq-100-pe,https://en.macromicro.me/series/23955/nasdaq-100-pe
2001-09-01,US - NASDAQ 100 Index - Forward PE Ratio,86.3925,nasdaq-100-pe,https://en.macromicro.me/series/23955/nasdaq-100-pe
2001-10-01,US - NASDAQ 100 Index - Forward PE Ratio,87.7694,nasdaq-100-pe,https://en.macromicro.me/series/23955/nasdaq-100-pe
2001-11-01,US - NASDAQ 100 Index - Forward PE Ratio,103.5562,nasdaq-100-pe,https://en.macromicro.me/series/23955/nasdaq-100-pe
2001-12-01,US - NASDAQ 100 Index - Forward PE Ratio,74.5785,nasdaq-100-pe,https://en.macromicro.me/series/23955/nasdaq-100-pe
2002-01-01,US - NASDAQ 100 Index - Forward PE Ratio,56.2319,nasdaq-100-pe,https://en.macromicro.me/series/23955/nasdaq-100-pe
2002-02-01,US - NASDAQ 100 Index - Forward PE Ratio,47.9566,nasdaq-100-pe,https://en.macromicro.me/series/23955/nasdaq-100-pe
2002-03-01,US - NASDAQ 100 Index - Forward PE Ratio,50.5171,nasdaq-100-pe,https://en.macromicro.me/series/23955/nasdaq-100-pe
2002-04-01,US - NASDAQ 100 Index - Forward PE Ratio,42.5138,nasdaq-100-pe,https://en.macromicro.me/series/23955/nasdaq-100-pe
2002-05-01,US - NASDAQ 100 Index - Forward PE Ratio,39.1484,nasdaq-100-pe,https://en.macromicro.me/series/23955/nasdaq-100-pe
2002-06-01,US - NASDAQ 100 Index - Forward PE Ratio,33.2395,nasdaq-100-pe,https://en.macromicro.me/series/23955/nasdaq-100-pe
2002-07-01,US - NASDAQ 100 Index - Forward PE Ratio,13.6096,nasdaq-100-pe,https://en.macromicro.me/series/23955/nasdaq-100-pe
2002-08-01,US - NASDAQ 100 Index - Forward PE Ratio,13.1085,nasdaq-100-pe,https://en.macromicro.me/series/23955/nasdaq-100-pe
2002-09-01,US - NASDAQ 100 Index - Forward PE Ratio,12.2222,nasdaq-100-pe,https://en.macromicro.me/series/23955/nasdaq-100-pe
2002-10-01,US - NASDAQ 100 Index - Forward PE Ratio,14.2954,nasdaq-100-pe,https://en.macromicro.me/series/23955/nasdaq-100-pe
2002-11-01,US - NASDAQ 100 Index - Forward PE Ratio,32.7868,nasdaq-100-pe,https://en.macromicro.me/series/23955/nasdaq-100-pe
2002-12-01,US - NASDAQ 100 Index - Forward PE Ratio,26.6032,nasdaq-100-pe,https://en.macromicro.me/series/23955/nasdaq-100-pe
2003-01-01,US - NASDAQ 100 Index - Forward PE Ratio,23.5572,nasdaq-100-pe,https://en.macromicro.me/series/23955/nasdaq-100-pe
2003-02-01,US - NASDAQ 100 Index - Forward PE Ratio,23.9106,nasdaq-100-pe,https://en.macromicro.me/series/23955/nasdaq-100-pe
2003-03-01,US - NASDAQ 100 Index - Forward PE Ratio,23.0544,nasdaq-100-pe,https://en.macromicro.me/series/23955/nasdaq-100-pe
2003-04-01,US - NASDAQ 100 Index - Forward PE Ratio,24.3607,nasdaq-100-pe,https://en.macromicro.me/series/23955/nasdaq-100-pe
2003-05-01,US - NASDAQ 100 Index - Forward PE Ratio,26.1943,nasdaq-100-pe,https://en.macromicro.me/series/23955/nasdaq-100-pe
2003-06-01,US - NASDAQ 100 Index - Forward PE Ratio,25.8638,nasdaq-100-pe,https://en.macromicro.me/series/23955/nasdaq-100-pe
2003-07-01,US - NASDAQ 100 Index - Forward PE Ratio,26.7226,nasdaq-100-pe,https://en.macromicro.me/series/23955/nasdaq-100-pe
2003-08-01,US - NASDAQ 100 Index - Forward PE Ratio,27.8702,nasdaq-100-pe,https://en.macromicro.me/series/23955/nasdaq-100-pe
2003-09-01,US - NASDAQ 100 Index - Forward PE Ratio,27.122,nasdaq-100-pe,https://en.macromicro.me/series/23955/nasdaq-100-pe
2003-10-01,US - NASDAQ 100 Index - Forward PE Ratio,29.4365,nasdaq-100-pe,https://en.macromicro.me/series/23955/nasdaq-100-pe
2003-11-01,US - NASDAQ 100 Index - Forward PE Ratio,29.1953,nasdaq-100-pe,https://en.macromicro.me/series/23955/nasdaq-100-pe
2003-12-01,US - NASDAQ 100 Index - Forward PE Ratio,30.0914,nasdaq-100-pe,https://en.macromicro.me/series/23955/nasdaq-100-pe
2004-01-01,US - NASDAQ 100 Index - Forward PE Ratio,26.0133,nasdaq-100-pe,https://en.macromicro.me/series/23955/nasdaq-100-pe
2004-02-01,US - NASDAQ 100 Index - Forward PE Ratio,24.1676,nasdaq-100-pe,https://en.macromicro.me/series/23955/nasdaq-100-pe
2004-03-01,US - NASDAQ 100 Index - Forward PE Ratio,23.7587,nasdaq-100-pe,https://en.macromicro.me/series/23955/nasdaq-100-pe
2004-04-01,US - NASDAQ 100 Index - Forward PE Ratio,22.7286,nasdaq-100-pe,https://en.macromicro.me/series/23955/nasdaq-100-pe
2004-05-01,US - NASDAQ 100 Index - Forward PE Ratio,24.0392,nasdaq-100-pe,https://en.macromicro.me/series/23955/nasdaq-100-pe
2004-06-01,US - NASDAQ 100 Index - Forward PE Ratio,24.6198,nasdaq-100-pe,https://en.macromicro.me/series/23955/nasdaq-100-pe
2004-07-01,US - NASDAQ 100 Index - Forward PE Ratio,22.2271,nasdaq-100-pe,https://en.macromicro.me/series/23955/nasdaq-100-pe
2004-08-01,US - NASDAQ 100 Index - Forward PE Ratio,25.9616,nasdaq-100-pe,https://en.macromicro.me/series/23955/nasdaq-100-pe
2004-09-01,US - NASDAQ 100 Index - Forward PE Ratio,26.7255,nasdaq-100-pe,https://en.macromicro.me/series/23955/nasdaq-100-pe
2004-10-01,US - NASDAQ 100 Index - Forward PE Ratio,27.8454,nasdaq-100-pe,https://en.macromicro.me/series/23955/nasdaq-100-pe
2004-11-01,US - NASDAQ 100 Index - Forward PE Ratio,29.2522,nasdaq-100-pe,https://en.macromicro.me/series/23955/nasdaq-100-pe
2004-12-01,US - NASDAQ 100 Index - Forward PE Ratio,32.3999,nasdaq-100-pe,https://en.macromicro.me/series/23955/nasdaq-100-pe
2005-01-01,US - NASDAQ 100 Index - Forward PE Ratio,26.2893,nasdaq-100-pe,https://en.macromicro.me/series/23955/nasdaq-100-pe
2005-02-01,US - NASDAQ 100 Index - Forward PE Ratio,26.2001,nasdaq-100-pe,https://en.macromicro.me/series/23955/nasdaq-100-pe
2005-03-01,US - NASDAQ 100 Index - Forward PE Ratio,25.2304,nasdaq-100-pe,https://en.macromicro.me/series/23955/nasdaq-100-pe
2005-04-01,US - NASDAQ 100 Index - Forward PE Ratio,24.4353,nasdaq-100-pe,https://en.macromicro.me/series/23955/nasdaq-100-pe
2005-05-01,US - NASDAQ 100 Index - Forward PE Ratio,26.5029,nasdaq-100-pe,https://en.macromicro.me/series/23955/nasdaq-100-pe
2005-06-01,US - NASDAQ 100 Index - Forward PE Ratio,26.2197,nasdaq-100-pe,https://en.macromicro.me/series/23955/nasdaq-100-pe
2005-07-01,US - NASDAQ 100 Index - Forward PE Ratio,27.6389,nasdaq-100-pe,https://en.macromicro.me/series/23955/nasdaq-100-pe
2005-08-01,US - NASDAQ 100 Index - Forward PE Ratio,27.5783,nasdaq-100-pe,https://en.macromicro.me/series/23955/nasdaq-100-pe
2005-09-01,US - NASDAQ 100 Index - Forward PE Ratio,27.7924,nasdaq-100-pe,https://en.macromicro.me/series/23955/nasdaq-100-pe
2005-10-01,US - NASDAQ 100 Index - Forward PE Ratio,26.7863,nasdaq-100-pe,https://en.macromicro.me/series/23955/nasdaq-100-pe
2005-11-01,US - NASDAQ 100 Index - Forward PE Ratio,28.3372,nasdaq-100-pe,https://en.macromicro.me/series/23955/nasdaq-100-pe
2005-12-01,US - NASDAQ 100 Index - Forward PE Ratio,28.2808,nasdaq-100-pe,https://en.macromicro.me/series/23955/nasdaq-100-pe
2006-01-01,US - NASDAQ 100 Index - Forward PE Ratio,27.2904,nasdaq-100-pe,https://en.macromicro.me/series/23955/nasdaq-100-pe
2006-02-01,US - NASDAQ 100 Index - Forward PE Ratio,26.3924,nasdaq-100-pe,https://en.macromicro.me/series/23955/nasdaq-100-pe
2006-03-01,US - NASDAQ 100 Index - Forward PE Ratio,27.3308,nasdaq-100-pe,https://en.macromicro.me/series/23955/nasdaq-100-pe
2006-04-01,US - NASDAQ 100 Index - Forward PE Ratio,27.2382,nasdaq-100-pe,https://en.macromicro.me/series/23955/nasdaq-100-pe
2006-05-01,US - NASDAQ 100 Index - Forward PE Ratio,25.6001,nasdaq-100-pe,https://en.macromicro.me/series/23955/nasdaq-100-pe
2006-06-01,US - NASDAQ 100 Index - Forward PE Ratio,25.2556,nasdaq-100-pe,https://en.macromicro.me/series/23955/nasdaq-100-pe
2006-07-01,US - NASDAQ 100 Index - Forward PE Ratio,23.7186,nasdaq-100-pe,https://en.macromicro.me/series/23955/nasdaq-100-pe
2006-08-01,US - NASDAQ 100 Index - Forward PE Ratio,24.9925,nasdaq-100-pe,https://en.macromicro.me/series/23955/nasdaq-100-pe
2006-09-01,US - NASDAQ 100 Index - Forward PE Ratio,26.1323,nasdaq-100-pe,https://en.macromicro.me/series/23955/nasdaq-100-pe
2006-10-01,US - NASDAQ 100 Index - Forward PE Ratio,26.4712,nasdaq-100-pe,https://en.macromicro.me/series/23955/nasdaq-100-pe
2006-11-01,US - NASDAQ 100 Index - Forward PE Ratio,27.24,nasdaq-100-pe,https://en.macromicro.me/series/23955/nasdaq-100-pe
2006-12-01,US - NASDAQ 100 Index - Forward PE Ratio,27.4236,nasdaq-100-pe,https://en.macromicro.me/series/23955/nasdaq-100-pe
2007-01-01,US - NASDAQ 100 Index - Forward PE Ratio,24.9691,nasdaq-100-pe,https://en.macromicro.me/series/23955/nasdaq-100-pe
2007-02-01,US - NASDAQ 100 Index - Forward PE Ratio,24.3372,nasdaq-100-pe,https://en.macromicro.me/series/23955/nasdaq-100-pe
2007-03-01,US - NASDAQ 100 Index - Forward PE Ratio,24.5039,nasdaq-100-pe,https://en.macromicro.me/series/23955/nasdaq-100-pe
2007-04-01,US - NASDAQ 100 Index - Forward PE Ratio,25.1733,nasdaq-100-pe,https://en.macromicro.me/series/23955/nasdaq-100-pe
2007-05-01,US - NASDAQ 100 Index - Forward PE Ratio,26.259,nasdaq-100-pe,https://en.macromicro.me/series/23955/nasdaq-100-pe
2007-06-01,US - NASDAQ 100 Index - Forward PE Ratio,25.8605,nasdaq-100-pe,https://en.macromicro.me/series/23955/nasdaq-100-pe
2007-07-01,US - NASDAQ 100 Index - Forward PE Ratio,25.3555,nasdaq-100-pe,https://en.macromicro.me/series/23955/nasdaq-100-pe
2007-08-01,US - NASDAQ 100 Index - Forward PE Ratio,25.8004,nasdaq-100-pe,https://en.macromicro.me/series/23955/nasdaq-100-pe
2007-09-01,US - NASDAQ 100 Index - Forward PE Ratio,26.8601,nasdaq-100-pe,https://en.macromicro.me/series/23955/nasdaq-100-pe
2007-10-01,US - NASDAQ 100 Index - Forward PE Ratio,27.7858,nasdaq-100-pe,https://en.macromicro.me/series/23955/nasdaq-100-pe
2007-11-01,US - NASDAQ 100 Index - Forward PE Ratio,26.017,nasdaq-100-pe,https://en.macromicro.me/series/23955/nasdaq-100-pe
2007-12-01,US - NASDAQ 100 Index - Forward PE Ratio,25.9616,nasdaq-100-pe,https://en.macromicro.me/series/23955/nasdaq-100-pe
2008-01-01,US - NASDAQ 100 Index - Forward PE Ratio,20.8281,nasdaq-100-pe,https://en.macromicro.me/series/23955/nasdaq-100-pe
2008-02-01,US - NASDAQ 100 Index - Forward PE Ratio,19.8354,nasdaq-100-pe,https://en.macromicro.me/series/23955/nasdaq-100-pe
2008-03-01,US - NASDAQ 100 Index - Forward PE Ratio,20.361,nasdaq-100-pe,https://en.macromicro.me/series/23955/nasdaq-100-pe
2008-04-01,US - NASDAQ 100 Index - Forward PE Ratio,21.9396,nasdaq-100-pe,https://en.macromicro.me/series/23955/nasdaq-100-pe
2008-05-01,US - NASDAQ 100 Index - Forward PE Ratio,23.1926,nasdaq-100-pe,https://en.macromicro.me/series/23955/nasdaq-100-pe
2008-06-01,US - NASDAQ 100 Index - Forward PE Ratio,20.8162,nasdaq-100-pe,https://en.macromicro.me/series/23955/nasdaq-100-pe
2008-07-01,US - NASDAQ 100 Index - Forward PE Ratio,20.7347,nasdaq-100-pe,https://en.macromicro.me/series/23955/nasdaq-100-pe
2008-08-01,US - NASDAQ 100 Index - Forward PE Ratio,21.2326,nasdaq-100-pe,https://en.macromicro.me/series/23955/nasdaq-100-pe
2008-09-01,US - NASDAQ 100 Index - Forward PE Ratio,18.1269,nasdaq-100-pe,https://en.macromicro.me/series/23955/nasdaq-100-pe
2008-10-01,US - NASDAQ 100 Index - Forward PE Ratio,15.4656,nasdaq-100-pe,https://en.macromicro.me/series/23955/nasdaq-100-pe
2008-11-01,US - NASDAQ 100 Index - Forward PE Ratio,14.4258,nasdaq-100-pe,https://en.macromicro.me/series/23955/nasdaq-100-pe
2008-12-01,US - NASDAQ 100 Index - Forward PE Ratio,14.4218,nasdaq-100-pe,https://en.macromicro.me/series/23955/nasdaq-100-pe
2009-01-01,US - NASDAQ 100 Index - Forward PE Ratio,14.6064,nasdaq-100-pe,https://en.macromicro.me/series/23955/nasdaq-100-pe
2009-02-01,US - NASDAQ 100 Index - Forward PE Ratio,14.5176,nasdaq-100-pe,https://en.macromicro.me/series/23955/nasdaq-100-pe
2009-03-01,US - NASDAQ 100 Index - Forward PE Ratio,16.3138,nasdaq-100-pe,https://en.macromicro.me/series/23955/nasdaq-100-pe
2009-04-01,US - NASDAQ 100 Index - Forward PE Ratio,18.1863,nasdaq-100-pe,https://en.macromicro.me/series/23955/nasdaq-100-pe
2009-05-01,US - NASDAQ 100 Index - Forward PE Ratio,18.6399,nasdaq-100-pe,https://en.macromicro.me/series/23955/nasdaq-100-pe
2009-06-01,US - NASDAQ 100 Index - Forward PE Ratio,18.9822,nasdaq-100-pe,https://en.macromicro.me/series/23955/nasdaq-100-pe
2009-07-01,US - NASDAQ 100 Index - Forward PE Ratio,19.9959,nasdaq-100-pe,https://en.macromicro.me/series/23955/nasdaq-100-pe
2009-08-01,US - NASDAQ 100 Index - Forward PE Ratio,20.0824,nasdaq-100-pe,https://en.macromicro.me/series/23955/nasdaq-100-pe
2009-09-01,US - NASDAQ 100 Index - Forward PE Ratio,21.0686,nasdaq-100-pe,https://en.macromicro.me/series/23955/nasdaq-100-pe
2009-10-01,US - NASDAQ 100 Index - Forward PE Ratio,18.8868,nasdaq-100-pe,https://en.macromicro.me/series/23955/nasdaq-100-pe
2009-11-01,US - NASDAQ 100 Index - Forward PE Ratio,19.6784,nasdaq-100-pe,https://en.macromicro.me/series/23955/nasdaq-100-pe
2009-12-01,US - NASDAQ 100 Index - Forward PE Ratio,20.0845,nasdaq-100-pe,https://en.macromicro.me/series/23955/nasdaq-100-pe
2010-01-01,US - NASDAQ 100 Index - Forward PE Ratio,16.2769,nasdaq-100-pe,https://en.macromicro.me/series/23955/nasdaq-100-pe
2010-02-01,US - NASDAQ 100 Index - Forward PE Ratio,16.7065,nasdaq-100-pe,https://en.macromicro.me/series/23955/nasdaq-100-pe
2010-03-01,US - NASDAQ 100 Index - Forward PE Ratio,17.7588,nasdaq-100-pe,https://en.macromicro.me/series/23955/nasdaq-100-pe
2010-04-01,US - NASDAQ 100 Index - Forward PE Ratio,17.3863,nasdaq-100-pe,https://en.macromicro.me/series/23955/nasdaq-100-pe
2010-05-01,US - NASDAQ 100 Index - Forward PE Ratio,15.8969,nasdaq-100-pe,https://en.macromicro.me/series/23955/nasdaq-100-pe
2010-06-01,US - NASDAQ 100 Index - Forward PE Ratio,14.7427,nasdaq-100-pe,https://en.macromicro.me/series/23955/nasdaq-100-pe
2010-07-01,US - NASDAQ 100 Index - Forward PE Ratio,15.3122,nasdaq-100-pe,https://en.macromicro.me/series/23955/nasdaq-100-pe
2010-08-01,US - NASDAQ 100 Index - Forward PE Ratio,14.4665,nasdaq-100-pe,https://en.macromicro.me/series/23955/nasdaq-100-pe
2010-09-01,US - NASDAQ 100 Index - Forward PE Ratio,16.2862,nasdaq-100-pe,https://en.macromicro.me/series/23955/nasdaq-100-pe
2010-10-01,US - NASDAQ 100 Index - Forward PE Ratio,16.2449,nasdaq-100-pe,https://en.macromicro.me/series/23955/nasdaq-100-pe
2010-11-01,US - NASDAQ 100 Index - Forward PE Ratio,16.0522,nasdaq-100-pe,https://en.macromicro.me/series/23955/nasdaq-100-pe
2010-12-01,US - NASDAQ 100 Index - Forward PE Ratio,16.8887,nasdaq-100-pe,https://en.macromicro.me/series/23955/nasdaq-100-pe
2011-01-01,US - NASDAQ 100 Index - Forward PE Ratio,15.6265,nasdaq-100-pe,https://en.macromicro.me/series/23955/nasdaq-100-pe
2011-02-01,US - NASDAQ 100 Index - Forward PE Ratio,15.9957,nasdaq-100-pe,https://en.macromicro.me/series/23955/nasdaq-100-pe
2011-03-01,US - NASDAQ 100 Index - Forward PE Ratio,15.8336,nasdaq-100-pe,https://en.macromicro.me/series/23955/nasdaq-100-pe
2011-04-01,US - NASDAQ 100 Index - Forward PE Ratio,15.8639,nasdaq-100-pe,https://en.macromicro.me/series/23955/nasdaq-100-pe
2011-05-01,US - NASDAQ 100 Index - Forward PE Ratio,14.8207,nasdaq-100-pe,https://en.macromicro.me/series/23955/nasdaq-100-pe
2011-06-01,US - NASDAQ 100 Index - Forward PE Ratio,14.4951,nasdaq-100-pe,https://en.macromicro.me/series/23955/nasdaq-100-pe
2011-07-01,US - NASDAQ 100 Index - Forward PE Ratio,14.2882,nasdaq-100-pe,https://en.macromicro.me/series/23955/nasdaq-100-pe
2011-08-01,US - NASDAQ 100 Index - Forward PE Ratio,13.4787,nasdaq-100-pe,https://en.macromicro.me/series/23955/nasdaq-100-pe
2011-09-01,US - NASDAQ 100 Index - Forward PE Ratio,12.9134,nasdaq-100-pe,https://en.macromicro.me/series/23955/nasdaq-100-pe
2011-10-01,US - NASDAQ 100 Index - Forward PE Ratio,13.73,nasdaq-100-pe,https://en.macromicro.me/series/23955/nasdaq-100-pe
2011-11-01,US - NASDAQ 100 Index - Forward PE Ratio,13.3193,nasdaq-100-pe,https://en.macromicro.me/series/23955/nasdaq-100-pe
2011-12-01,US - NASDAQ 100 Index - Forward PE Ratio,13.348,nasdaq-100-pe,https://en.macromicro.me/series/23955/nasdaq-100-pe
2012-01-01,US - NASDAQ 100 Index - Forward PE Ratio,13.2431,nasdaq-100-pe,https://en.macromicro.me/series/23955/nasdaq-100-pe
2012-02-01,US - NASDAQ 100 Index - Forward PE Ratio,13.9697,nasdaq-100-pe,https://en.macromicro.me/series/23955/nasdaq-100-pe
2012-03-01,US - NASDAQ 100 Index - Forward PE Ratio,14.6562,nasdaq-100-pe,https://en.macromicro.me/series/23955/nasdaq-100-pe
2012-04-01,US - NASDAQ 100 Index - Forward PE Ratio,14.2714,nasdaq-100-pe,https://en.macromicro.me/series/23955/nasdaq-100-pe
2012-05-01,US - NASDAQ 100 Index - Forward PE Ratio,13.4191,nasdaq-100-pe,https://en.macromicro.me/series/23955/nasdaq-100-pe
2012-06-01,US - NASDAQ 100 Index - Forward PE Ratio,13.9766,nasdaq-100-pe,https://en.macromicro.me/series/23955/nasdaq-100-pe
2012-07-01,US - NASDAQ 100 Index - Forward PE Ratio,14.1864,nasdaq-100-pe,https://en.macromicro.me/series/23955/nasdaq-100-pe
2012-08-01,US - NASDAQ 100 Index - Forward PE Ratio,14.8686,nasdaq-100-pe,https://en.macromicro.me/series/23955/nasdaq-100-pe
2012-09-01,US - NASDAQ 100 Index - Forward PE Ratio,15.0527,nasdaq-100-pe,https://en.macromicro.me/series/23955/nasdaq-100-pe
2012-10-01,US - NASDAQ 100 Index - Forward PE Ratio,13.9304,nasdaq-100-pe,https://en.macromicro.me/series/23955/nasdaq-100-pe
2012-11-01,US - NASDAQ 100 Index - Forward PE Ratio,14.0985,nasdaq-100-pe,https://en.macromicro.me/series/23955/nasdaq-100-pe
2012-12-01,US - NASDAQ 100 Index - Forward PE Ratio,14.3273,nasdaq-100-pe,https://en.macromicro.me/series/23955/nasdaq-100-pe
2013-01-01,US - NASDAQ 100 Index - Forward PE Ratio,14.4428,nasdaq-100-pe,https://en.macromicro.me/series/23955/nasdaq-100-pe
2013-02-01,US - NASDAQ 100 Index - Forward PE Ratio,14.5592,nasdaq-100-pe,https://en.macromicro.me/series/23955/nasdaq-100-pe
2013-03-01,US - NASDAQ 100 Index - Forward PE Ratio,15.0567,nasdaq-100-pe,https://en.macromicro.me/series/23955/nasdaq-100-pe
2013-04-01,US - NASDAQ 100 Index - Forward PE Ratio,15.7416,nasdaq-100-pe,https://en.macromicro.me/series/23955/nasdaq-100-pe
2013-05-01,US - NASDAQ 100 Index - Forward PE Ratio,16.6277,nasdaq-100-pe,https://en.macromicro.me/series/23955/nasdaq-100-pe
2013-06-01,US - NASDAQ 100 Index - Forward PE Ratio,15.5951,nasdaq-100-pe,https://en.macromicro.me/series/23955/nasdaq-100-pe
2013-07-01,US - NASDAQ 100 Index - Forward PE Ratio,17.1708,nasdaq-100-pe,https://en.macromicro.me/series/23955/nasdaq-100-pe
2013-08-01,US - NASDAQ 100 Index - Forward PE Ratio,17.2464,nasdaq-100-pe,https://en.macromicro.me/series/23955/nasdaq-100-pe
2013-09-01,US - NASDAQ 100 Index - Forward PE Ratio,17.9513,nasdaq-100-pe,https://en.macromicro.me/series/23955/nasdaq-100-pe
2013-10-01,US - NASDAQ 100 Index - Forward PE Ratio,18.3266,nasdaq-100-pe,https://en.macromicro.me/series/23955/nasdaq-100-pe
2013-11-01,US - NASDAQ 100 Index - Forward PE Ratio,18.6795,nasdaq-100-pe,https://en.macromicro.me/series/23955/nasdaq-100-pe
2013-12-01,US - NASDAQ 100 Index - Forward PE Ratio,19.1596,nasdaq-100-pe,https://en.macromicro.me/series/23955/nasdaq-100-pe
2014-01-01,US - NASDAQ 100 Index - Forward PE Ratio,18.0344,nasdaq-100-pe,https://en.macromicro.me/series/23955/nasdaq-100-pe
2014-02-01,US - NASDAQ 100 Index - Forward PE Ratio,18.857,nasdaq-100-pe,https://en.macromicro.me/series/23955/nasdaq-100-pe
2014-03-01,US - NASDAQ 100 Index - Forward PE Ratio,18.4388,nasdaq-100-pe,https://en.macromicro.me/series/23955/nasdaq-100-pe
2014-04-01,US - NASDAQ 100 Index - Forward PE Ratio,17.9149,nasdaq-100-pe,https://en.macromicro.me/series/23955/nasdaq-100-pe
2014-05-01,US - NASDAQ 100 Index - Forward PE Ratio,18.7449,nasdaq-100-pe,https://en.macromicro.me/series/23955/nasdaq-100-pe
2014-06-01,US - NASDAQ 100 Index - Forward PE Ratio,19.2507,nasdaq-100-pe,https://en.macromicro.me/series/23955/nasdaq-100-pe
2014-07-01,US - NASDAQ 100 Index - Forward PE Ratio,18.9971,nasdaq-100-pe,https://en.macromicro.me/series/23955/nasdaq-100-pe
2014-08-01,US - NASDAQ 100 Index - Forward PE Ratio,20.2772,nasdaq-100-pe,https://en.macromicro.me/series/23955/nasdaq-100-pe
2014-09-01,US - NASDAQ 100 Index - Forward PE Ratio,20.0642,nasdaq-100-pe,https://en.macromicro.me/series/23955/nasdaq-100-pe
2014-10-01,US - NASDAQ 100 Index - Forward PE Ratio,19.8097,nasdaq-100-pe,https://en.macromicro.me/series/23955/nasdaq-100-pe
2014-11-01,US - NASDAQ 100 Index - Forward PE Ratio,20.5401,nasdaq-100-pe,https://en.macromicro.me/series/23955/nasdaq-100-pe
2014-12-01,US - NASDAQ 100 Index - Forward PE Ratio,19.9436,nasdaq-100-pe,https://en.macromicro.me/series/23955/nasdaq-100-pe
2015-01-01,US - NASDAQ 100 Index - Forward PE Ratio,17.891,nasdaq-100-pe,https://en.macromicro.me/series/23955/nasdaq-100-pe
2015-02-01,US - NASDAQ 100 Index - Forward PE Ratio,19.2646,nasdaq-100-pe,https://en.macromicro.me/series/23955/nasdaq-100-pe
2015-03-01,US - NASDAQ 100 Index - Forward PE Ratio,19.0388,nasdaq-100-pe,https://en.macromicro.me/series/23955/nasdaq-100-pe
2015-04-01,US - NASDAQ 100 Index - Forward PE Ratio,19.2707,nasdaq-100-pe,https://en.macromicro.me/series/23955/nasdaq-100-pe
2015-05-01,US - NASDAQ 100 Index - Forward PE Ratio,19.6855,nasdaq-100-pe,https://en.macromicro.me/series/23955/nasdaq-100-pe
2015-06-01,US - NASDAQ 100 Index - Forward PE Ratio,19.3447,nasdaq-100-pe,https://en.macromicro.me/series/23955/nasdaq-100-pe
2015-07-01,US - NASDAQ 100 Index - Forward PE Ratio,20.1665,nasdaq-100-pe,https://en.macromicro.me/series/23955/nasdaq-100-pe
2015-08-01,US - NASDAQ 100 Index - Forward PE Ratio,18.7871,nasdaq-100-pe,https://en.macromicro.me/series/23955/nasdaq-100-pe
2015-09-01,US - NASDAQ 100 Index - Forward PE Ratio,18.3887,nasdaq-100-pe,https://en.macromicro.me/series/23955/nasdaq-100-pe
2015-10-01,US - NASDAQ 100 Index - Forward PE Ratio,19.9745,nasdaq-100-pe,https://en.macromicro.me/series/23955/nasdaq-100-pe
2015-11-01,US - NASDAQ 100 Index - Forward PE Ratio,20.3635,nasdaq-100-pe,https://en.macromicro.me/series/23955/nasdaq-100-pe
2015-12-01,US - NASDAQ 100 Index - Forward PE Ratio,20.3941,nasdaq-100-pe,https://en.macromicro.me/series/23955/nasdaq-100-pe
2016-01-01,US - NASDAQ 100 Index - Forward PE Ratio,18.0004,nasdaq-100-pe,https://en.macromicro.me/series/23955/nasdaq-100-pe
2016-02-01,US - NASDAQ 100 Index - Forward PE Ratio,17.6356,nasdaq-100-pe,https://en.macromicro.me/series/23955/nasdaq-100-pe
2016-03-01,US - NASDAQ 100 Index - Forward PE Ratio,18.9311,nasdaq-100-pe,https://en.macromicro.me/series/23955/nasdaq-100-pe
2016-04-01,US - NASDAQ 100 Index - Forward PE Ratio,18.6003,nasdaq-100-pe,https://en.macromicro.me/series/23955/nasdaq-100-pe
2016-05-01,US - NASDAQ 100 Index - Forward PE Ratio,19.4533,nasdaq-100-pe,https://en.macromicro.me/series/23955/nasdaq-100-pe
2016-06-01,US - NASDAQ 100 Index - Forward PE Ratio,19.1333,nasdaq-100-pe,https://en.macromicro.me/series/23955/nasdaq-100-pe
2016-07-01,US - NASDAQ 100 Index - Forward PE Ratio,20.1901,nasdaq-100-pe,https://en.macromicro.me/series/23955/nasdaq-100-pe
2016-08-01,US - NASDAQ 100 Index - Forward PE Ratio,20.2621,nasdaq-100-pe,https://en.macromicro.me/series/23955/nasdaq-100-pe
2016-09-01,US - NASDAQ 100 Index - Forward PE Ratio,20.5501,nasdaq-100-pe,https://en.macromicro.me/series/23955/nasdaq-100-pe
2016-10-01,US - NASDAQ 100 Index - Forward PE Ratio,19.7085,nasdaq-100-pe,https://en.macromicro.me/series/23955/nasdaq-100-pe
2016-11-01,US - NASDAQ 100 Index - Forward PE Ratio,19.57,nasdaq-100-pe,https://en.macromicro.me/series/23955/nasdaq-100-pe
2016-12-01,US - NASDAQ 100 Index - Forward PE Ratio,19.7213,nasdaq-100-pe,https://en.macromicro.me/series/23955/nasdaq-100-pe
2017-01-01,US - NASDAQ 100 Index - Forward PE Ratio,19.4043,nasdaq-100-pe,https://en.macromicro.me/series/23955/nasdaq-100-pe
2017-02-01,US - NASDAQ 100 Index - Forward PE Ratio,20.4038,nasdaq-100-pe,https://en.macromicro.me/series/23955/nasdaq-100-pe
2017-03-01,US - NASDAQ 100 Index - Forward PE Ratio,20.6999,nasdaq-100-pe,https://en.macromicro.me/series/23955/nasdaq-100-pe
2017-04-01,US - NASDAQ 100 Index - Forward PE Ratio,21.1003,nasdaq-100-pe,https://en.macromicro.me/series/23955/nasdaq-100-pe
2017-05-01,US - NASDAQ 100 Index - Forward PE Ratio,21.9015,nasdaq-100-pe,https://en.macromicro.me/series/23955/nasdaq-100-pe
2017-06-01,US - NASDAQ 100 Index - Forward PE Ratio,21.2654,nasdaq-100-pe,https://en.macromicro.me/series/23955/nasdaq-100-pe
2017-07-01,US - NASDAQ 100 Index - Forward PE Ratio,21.7817,nasdaq-100-pe,https://en.macromicro.me/series/23955/nasdaq-100-pe
2017-08-01,US - NASDAQ 100 Index - Forward PE Ratio,22.1114,nasdaq-100-pe,https://en.macromicro.me/series/23955/nasdaq-100-pe
2017-09-01,US - NASDAQ 100 Index - Forward PE Ratio,21.8209,nasdaq-100-pe,https://en.macromicro.me/series/23955/nasdaq-100-pe
2017-10-01,US - NASDAQ 100 Index - Forward PE Ratio,21.5512,nasdaq-100-pe,https://en.macromicro.me/series/23955/nasdaq-100-pe
2017-11-01,US - NASDAQ 100 Index - Forward PE Ratio,21.5428,nasdaq-100-pe,https://en.macromicro.me/series/23955/nasdaq-100-pe
2017-12-01,US - NASDAQ 100 Index - Forward PE Ratio,21.6658,nasdaq-100-pe,https://en.macromicro.me/series/23955/nasdaq-100-pe
2018-01-01,US - NASDAQ 100 Index - Forward PE Ratio,21.4049,nasdaq-100-pe,https://en.macromicro.me/series/23955/nasdaq-100-pe
2018-02-01,US - NASDAQ 100 Index - Forward PE Ratio,20.6614,nasdaq-100-pe,https://en.macromicro.me/series/23955/nasdaq-100-pe
2018-03-01,US - NASDAQ 100 Index - Forward PE Ratio,19.9312,nasdaq-100-pe,https://en.macromicro.me/series/23955/nasdaq-100-pe
2018-04-01,US - NASDAQ 100 Index - Forward PE Ratio,19.6398,nasdaq-100-pe,https://en.macromicro.me/series/23955/nasdaq-100-pe
2018-05-01,US - NASDAQ 100 Index - Forward PE Ratio,20.6784,nasdaq-100-pe,https://en.macromicro.me/series/23955/nasdaq-100-pe
2018-06-01,US - NASDAQ 100 Index - Forward PE Ratio,20.8619,nasdaq-100-pe,https://en.macromicro.me/series/23955/nasdaq-100-pe
2018-07-01,US - NASDAQ 100 Index - Forward PE Ratio,20.9945,nasdaq-100-pe,https://en.macromicro.me/series/23955/nasdaq-100-pe
2018-08-01,US - NASDAQ 100 Index - Forward PE Ratio,22.1406,nasdaq-100-pe,https://en.macromicro.me/series/23955/nasdaq-100-pe
2018-09-01,US - NASDAQ 100 Index - Forward PE Ratio,22.0745,nasdaq-100-pe,https://en.macromicro.me/series/23955/nasdaq-100-pe
2018-10-01,US - NASDAQ 100 Index - Forward PE Ratio,19.3469,nasdaq-100-pe,https://en.macromicro.me/series/23955/nasdaq-100-pe
2018-11-01,US - NASDAQ 100 Index - Forward PE Ratio,19.3984,nasdaq-100-pe,https://en.macromicro.me/series/23955/nasdaq-100-pe
2018-12-01,US - NASDAQ 100 Index - Forward PE Ratio,17.9309,nasdaq-100-pe,https://en.macromicro.me/series/23955/nasdaq-100-pe
2019-01-01,US - NASDAQ 100 Index - Forward PE Ratio,19.0071,nasdaq-100-pe,https://en.macromicro.me/series/23955/nasdaq-100-pe
2019-02-01,US - NASDAQ 100 Index - Forward PE Ratio,19.7051,nasdaq-100-pe,https://en.macromicro.me/series/23955/nasdaq-100-pe
2019-03-01,US - NASDAQ 100 Index - Forward PE Ratio,20.5672,nasdaq-100-pe,https://en.macromicro.me/series/23955/nasdaq-100-pe
2019-04-01,US - NASDAQ 100 Index - Forward PE Ratio,21.6893,nasdaq-100-pe,https://en.macromicro.me/series/23955/nasdaq-100-pe
2019-05-01,US - NASDAQ 100 Index - Forward PE Ratio,19.92,nasdaq-100-pe,https://en.macromicro.me/series/23955/nasdaq-100-pe
2019-06-01,US - NASDAQ 100 Index - Forward PE Ratio,21.5623,nasdaq-100-pe,https://en.macromicro.me/series/23955/nasdaq-100-pe
2019-07-01,US - NASDAQ 100 Index - Forward PE Ratio,21.6543,nasdaq-100-pe,https://en.macromicro.me/series/23955/nasdaq-100-pe
2019-08-01,US - NASDAQ 100 Index - Forward PE Ratio,21.2597,nasdaq-100-pe,https://en.macromicro.me/series/23955/nasdaq-100-pe
2019-09-01,US - NASDAQ 100 Index - Forward PE Ratio,21.7534,nasdaq-100-pe,https://en.macromicro.me/series/23955/nasdaq-100-pe
2019-10-01,US - NASDAQ 100 Index - Forward PE Ratio,22.3621,nasdaq-100-pe,https://en.macromicro.me/series/23955/nasdaq-100-pe
2019-11-01,US - NASDAQ 100 Index - Forward PE Ratio,23.4188,nasdaq-100-pe,https://en.macromicro.me/series/23955/nasdaq-100-pe
2019-12-01,US - NASDAQ 100 Index - Forward PE Ratio,24.3712,nasdaq-100-pe,https://en.macromicro.me/series/23955/nasdaq-100-pe
2020-01-01,US - NASDAQ 100 Index - Forward PE Ratio,22.9719,nasdaq-100-pe,https://en.macromicro.me/series/23955/nasdaq-100-pe
2020-02-01,US - NASDAQ 100 Index - Forward PE Ratio,21.9864,nasdaq-100-pe,https://en.macromicro.me/series/23955/nasdaq-100-pe
2020-03-01,US - NASDAQ 100 Index - Forward PE Ratio,22.4722,nasdaq-100-pe,https://en.macromicro.me/series/23955/nasdaq-100-pe
2020-04-01,US - NASDAQ 100 Index - Forward PE Ratio,27.3891,nasdaq-100-pe,https://en.macromicro.me/series/23955/nasdaq-100-pe
2020-05-01,US - NASDAQ 100 Index - Forward PE Ratio,29.4821,nasdaq-100-pe,https://en.macromicro.me/series/23955/nasdaq-100-pe
2020-06-01,US - NASDAQ 100 Index - Forward PE Ratio,30.9656,nasdaq-100-pe,https://en.macromicro.me/series/23955/nasdaq-100-pe
2020-07-01,US - NASDAQ 100 Index - Forward PE Ratio,31.4554,nasdaq-100-pe,https://en.macromicro.me/series/23955/nasdaq-100-pe
2020-08-01,US - NASDAQ 100 Index - Forward PE Ratio,34.7606,nasdaq-100-pe,https://en.macromicro.me/series/23955/nasdaq-100-pe
2020-09-01,US - NASDAQ 100 Index - Forward PE Ratio,32.518,nasdaq-100-pe,https://en.macromicro.me/series/23955/nasdaq-100-pe
2020-10-01,US - NASDAQ 100 Index - Forward PE Ratio,29.5597,nasdaq-100-pe,https://en.macromicro.me/series/23955/nasdaq-100-pe
2020-11-01,US - NASDAQ 100 Index - Forward PE Ratio,32.3882,nasdaq-100-pe,https://en.macromicro.me/series/23955/nasdaq-100-pe
2020-12-01,US - NASDAQ 100 Index - Forward PE Ratio,33.5266,nasdaq-100-pe,https://en.macromicro.me/series/23955/nasdaq-100-pe
2021-01-01,US - NASDAQ 100 Index - Forward PE Ratio,29.4575,nasdaq-100-pe,https://en.macromicro.me/series/23955/nasdaq-100-pe
2021-02-01,US - NASDAQ 100 Index - Forward PE Ratio,28.5815,nasdaq-100-pe,https://en.macromicro.me/series/23955/nasdaq-100-pe
2021-03-01,US - NASDAQ 100 Index - Forward PE Ratio,28.8616,nasdaq-100-pe,https://en.macromicro.me/series/23955/nasdaq-100-pe
2021-04-01,US - NASDAQ 100 Index - Forward PE Ratio,28.7403,nasdaq-100-pe,https://en.macromicro.me/series/23955/nasdaq-100-pe
2021-05-01,US - NASDAQ 100 Index - Forward PE Ratio,27.6245,nasdaq-100-pe,https://en.macromicro.me/series/23955/nasdaq-100-pe
2021-06-01,US - NASDAQ 100 Index - Forward PE Ratio,27.2011,nasdaq-100-pe,https://en.macromicro.me/series/23955/nasdaq-100-pe
2021-07-01,US - NASDAQ 100 Index - Forward PE Ratio,26.8415,nasdaq-100-pe,https://en.macromicro.me/series/23955/nasdaq-100-pe
2021-08-01,US - NASDAQ 100 Index - Forward PE Ratio,27.4882,nasdaq-100-pe,https://en.macromicro.me/series/23955/nasdaq-100-pe
2021-09-01,US - NASDAQ 100 Index - Forward PE Ratio,25.7939,nasdaq-100-pe,https://en.macromicro.me/series/23955/nasdaq-100-pe
2021-10-01,US - NASDAQ 100 Index - Forward PE Ratio,28.1043,nasdaq-100-pe,https://en.macromicro.me/series/23955/nasdaq-100-pe
2021-11-01,US - NASDAQ 100 Index - Forward PE Ratio,28.2702,nasdaq-100-pe,https://en.macromicro.me/series/23955/nasdaq-100-pe
2021-12-01,US - NASDAQ 100 Index - Forward PE Ratio,28.3279,nasdaq-100-pe,https://en.macromicro.me/series/23955/nasdaq-100-pe
2022-01-01,US - NASDAQ 100 Index - Forward PE Ratio,25.5335,nasdaq-100-pe,https://en.macromicro.me/series/23955/nasdaq-100-pe
2022-02-01,US - NASDAQ 100 Index - Forward PE Ratio,24.2564,nasdaq-100-pe,https://en.macromicro.me/series/23955/nasdaq-100-pe
2022-03-01,US - NASDAQ 100 Index - Forward PE Ratio,25.0169,nasdaq-100-pe,https://en.macromicro.me/series/23955/nasdaq-100-pe
2022-04-01,US - NASDAQ 100 Index - Forward PE Ratio,21.8003,nasdaq-100-pe,https://en.macromicro.me/series/23955/nasdaq-100-pe
2022-05-01,US - NASDAQ 100 Index - Forward PE Ratio,21.4042,nasdaq-100-pe,https://en.macromicro.me/series/23955/nasdaq-100-pe
2022-06-01,US - NASDAQ 100 Index - Forward PE Ratio,19.4031,nasdaq-100-pe,https://en.macromicro.me/series/23955/nasdaq-100-pe
2022-07-01,US - NASDAQ 100 Index - Forward PE Ratio,22.387,nasdaq-100-pe,https://en.macromicro.me/series/23955/nasdaq-100-pe
2022-08-01,US - NASDAQ 100 Index - Forward PE Ratio,21.3838,nasdaq-100-pe,https://en.macromicro.me/series/23955/nasdaq-100-pe
2022-09-01,US - NASDAQ 100 Index - Forward PE Ratio,18.9607,nasdaq-100-pe,https://en.macromicro.me/series/23955/nasdaq-100-pe
2022-10-01,US - NASDAQ 100 Index - Forward PE Ratio,20.6057,nasdaq-100-pe,https://en.macromicro.me/series/23955/nasdaq-100-pe
2022-11-01,US - NASDAQ 100 Index - Forward PE Ratio,22.041,nasdaq-100-pe,https://en.macromicro.me/series/23955/nasdaq-100-pe
2022-12-01,US - NASDAQ 100 Index - Forward PE Ratio,20.327,nasdaq-100-pe,https://en.macromicro.me/series/23955/nasdaq-100-pe
2023-01-01,US - NASDAQ 100 Index - Forward PE Ratio,22.9166,nasdaq-100-pe,https://en.macromicro.me/series/23955/nasdaq-100-pe
2023-02-01,US - NASDAQ 100 Index - Forward PE Ratio,22.4948,nasdaq-100-pe,https://en.macromicro.me/series/23955/nasdaq-100-pe
2023-03-01,US - NASDAQ 100 Index - Forward PE Ratio,24.3191,nasdaq-100-pe,https://en.macromicro.me/series/23955/nasdaq-100-pe
2023-04-01,US - NASDAQ 100 Index - Forward PE Ratio,24.0572,nasdaq-100-pe,https://en.macromicro.me/series/23955/nasdaq-100-pe
2023-05-01,US - NASDAQ 100 Index - Forward PE Ratio,25.3635,nasdaq-100-pe,https://en.macromicro.me/series/23955/nasdaq-100-pe
2023-06-01,US - NASDAQ 100 Index - Forward PE Ratio,26.3855,nasdaq-100-pe,https://en.macromicro.me/series/23955/nasdaq-100-pe
2023-07-01,US - NASDAQ 100 Index - Forward PE Ratio,25.8428,nasdaq-100-pe,https://en.macromicro.me/series/23955/nasdaq-100-pe
2023-08-01,US - NASDAQ 100 Index - Forward PE Ratio,24.5951,nasdaq-100-pe,https://en.macromicro.me/series/23955/nasdaq-100-pe
2023-09-01,US - NASDAQ 100 Index - Forward PE Ratio,22.9475,nasdaq-100-pe,https://en.macromicro.me/series/23955/nasdaq-100-pe
2023-10-01,US - NASDAQ 100 Index - Forward PE Ratio,22.1056,nasdaq-100-pe,https://en.macromicro.me/series/23955/nasdaq-100-pe
2023-11-01,US - NASDAQ 100 Index - Forward PE Ratio,23.974,nasdaq-100-pe,https://en.macromicro.me/series/23955/nasdaq-100-pe
2023-12-01,US - NASDAQ 100 Index - Forward PE Ratio,24.7323,nasdaq-100-pe,https://en.macromicro.me/series/23955/nasdaq-100-pe
2024-01-01,US - NASDAQ 100 Index - Forward PE Ratio,31.0207,nasdaq-100-pe,https://en.macromicro.me/series/23955/nasdaq-100-pe
2024-02-01,US - NASDAQ 100 Index - Forward PE Ratio,25.9129,nasdaq-100-pe,https://en.macromicro.me/series/23955/nasdaq-100-pe
2024-03-01,US - NASDAQ 100 Index - Forward PE Ratio,25.7239,nasdaq-100-pe,https://en.macromicro.me/series/23955/nasdaq-100-pe
2024-04-01,US - NASDAQ 100 Index - Forward PE Ratio,24.3141,nasdaq-100-pe,https://en.macromicro.me/series/23955/nasdaq-100-pe
2024-05-01,US - NASDAQ 100 Index - Forward PE Ratio,25.3488,nasdaq-100-pe,https://en.macromicro.me/series/23955/nasdaq-100-pe
2024-06-01,US - NASDAQ 100 Index - Forward PE Ratio,26.4745,nasdaq-100-pe,https://en.macromicro.me/series/23955/nasdaq-100-pe
2024-07-01,US - NASDAQ 100 Index - Forward PE Ratio,25.5374,nasdaq-100-pe,https://en.macromicro.me/series/23955/nasdaq-100-pe
2024-08-01,US - NASDAQ 100 Index - Forward PE Ratio,25.6928,nasdaq-100-pe,https://en.macromicro.me/series/23955/nasdaq-100-pe
2024-09-01,US - NASDAQ 100 Index - Forward PE Ratio,25.8502,nasdaq-100-pe,https://en.macromicro.me/series/23955/nasdaq-100-pe
2024-10-01,US - NASDAQ 100 Index - Forward PE Ratio,25.3193,nasdaq-100-pe,https://en.macromicro.me/series/23955/nasdaq-100-pe
2024-11-01,US - NASDAQ 100 Index - Forward PE Ratio,26.3699,nasdaq-100-pe,https://en.macromicro.me/series/23955/nasdaq-100-pe
2024-12-01,US - NASDAQ 100 Index - Forward PE Ratio,26.0883,nasdaq-100-pe,https://en.macromicro.me/series/23955/nasdaq-100-pe
2025-01-01,US - NASDAQ 100 Index - Forward PE Ratio,26.515,nasdaq-100-pe,https://en.macromicro.me/series/23955/nasdaq-100-pe
2025-02-01,US - NASDAQ 100 Index - Forward PE Ratio,25.6454,nasdaq-100-pe,https://en.macromicro.me/series/23955/nasdaq-100-pe
2025-03-01,US - NASDAQ 100 Index - Forward PE Ratio,23.3403,nasdaq-100-pe,https://en.macromicro.me/series/23955/nasdaq-100-pe
2025-04-01,US - NASDAQ 100 Index - Forward PE Ratio,23.843,nasdaq-100-pe,https://en.macromicro.me/series/23955/nasdaq-100-pe
2025-05-01,US - NASDAQ 100 Index - Forward PE Ratio,25.7929,nasdaq-100-pe,https://en.macromicro.me/series/23955/nasdaq-100-pe
2025-06-01,US - NASDAQ 100 Index - Forward PE Ratio,26.9497,nasdaq-100-pe,https://en.macromicro.me/series/23955/nasdaq-100-pe
2025-07-01,US - NASDAQ 100 Index - Forward PE Ratio,27.0253,nasdaq-100-pe,https://en.macromicro.me/series/23955/nasdaq-100-pe
2025-08-01,US - NASDAQ 100 Index - Forward PE Ratio,26.1668,nasdaq-100-pe,https://en.macromicro.me/series/23955/nasdaq-100-pe
2025-09-01,US - NASDAQ 100 Index - Forward PE Ratio,26.96,nasdaq-100-pe,https://en.macromicro.me/series/23955/nasdaq-100-pe
2025-10-01,US - NASDAQ 100 Index - Forward PE Ratio,27.53,nasdaq-100-pe,https://en.macromicro.me/series/23955/nasdaq-100-pe
2025-11-01,US - NASDAQ 100 Index - Forward PE Ratio,26.10,nasdaq-100-pe,https://en.macromicro.me/series/23955/nasdaq-100-pe
2025-12-01,US - NASDAQ 100 Index - Forward PE Ratio,24.90,nasdaq-100-pe,https://en.macromicro.me/series/23955/nasdaq-100-pe
2026-01-01,US - NASDAQ 100 Index - Forward PE Ratio,24.78,nasdaq-100-pe,https://en.macromicro.me/series/23955/nasdaq-100-pe
2026-02-01,US - NASDAQ 100 Index - Forward PE Ratio,24.23,nasdaq-100-pe,https://en.macromicro.me/series/23955/nasdaq-100-pe
2026-03-01,US - NASDAQ 100 Index - Forward PE Ratio,21.16,nasdaq-100-pe,https://en.macromicro.me/series/23955/nasdaq-100-pe
2026-04-01,US - NASDAQ 100 Index - Forward PE Ratio,22.24,nasdaq-100-pe,https://en.macromicro.me/series/23955/nasdaq-100-pe
